LessonId,ProjectId,LessonTitle,Category,ProblemStatement,RootCause,ActionTaken,Outcome,CostImpact,ApplicableTo,RelatedCode,RelatedMaterial,RelatedFormula,RelatedAssembly,AIIntentTriggered,Transferability
LL-001,CS-RES-001,Passive-Solar Orientation Saves 18% Heating,Envelope,Initial layout ignored solar gain; heating bills 18% above benchmark,Floor plan oriented for street access rather than solar azimuth,Re-oriented living areas south; added 6-inch south overhang calculated for 40° latitude,Heating energy dropped 18%; occupant comfort improved in winter months,Saved-18%,Residential|Single-Family|High-Performance,DR-IBC-014,,FL-HEAT-LOSS,ASSY-EXT-002,CREATE_ROOM|MODIFY_DIMENSION|QUERY_ENERGY_EFFICIENCY,High
LL-002,CS-RES-001,Hurricane Ties Specified Before Framing Inspection,Connection,Hurricane ties omitted from initial framing spec in 130-mph wind zone,Supplier quote omitted ties; spec writer did not cross-check wind zone,Added H4 hurricane ties at every rafter during framing; quantity via CD-WOD-HGTRN-QTY,Passed wind-zone inspection first attempt; no re-frame cost,Neutral,Residential|Hurricane-Zone|Coastal,STL-IBC-1705.3,CON-WOD-011,CD-WOD-HGTRN-QTY,,CREATE_CONNECTION|QUERY_CAPACITY,High
LL-003,CS-RES-001,Shallow-Clay Foundation Required Geotechnical Input,Structural,Initial strip footing failed geotechnical bearing-capacity test on clay soil,Architect assumed standard soil without site-specific report,Commissioned geo report; switched to engineered geo-grid footings at 450mm depth,Foundation passed load test; no settlement after 12 months,Added-12%,Residential|Any-Foundation,DR-IBC-007,,CD-FND-ANCHOR-SPG,,CREATE_FOUNDATION|QUERY_CAPACITY,High
LL-004,CS-RES-002,Party-Wall STC 55 Requires Insulated Plasterboard,Acoustics,Party wall achieved only STC 48 with 215mm brick alone; neighbour complaints followed,Assumed brick mass alone would satisfy STC 55; no acoustic calculation at design stage,Added 100mm insulated plasterboard lining with resilient clips; verified via FL-STC-CHECK,Achieved STC 55 measured; no further complaints,Added-8%,Residential|Townhouse|Semi-Detached|Terrace,FL-IBC-420.2,,FL-STC-CHECK,ASSY-INT-005,CREATE_WALL|MODIFY_ACOUSTIC_RATING|QUERY_SOUND_RATING,High
LL-005,CS-RES-002,Narrow Frontage Forces Efficient Staircase Layout,Structural,Standard U-stair would not fit in 4.2m-wide townhouse footprint,Template stair layout copied from wider plot; dimensions not re-checked,Switched to L-stair with 810mm flight width; confirmed egress compliance,Stair fits within footprint; meets minimum 810mm flight width code,Saved-5%,Residential|Townhouse|Narrow-Plot,DR-IBC-010,,,,CREATE_STAIRCASE|MODIFY_DIMENSION,Medium
LL-006,CS-RES-002,Zero-Lot Boundary Needs Early Surveyor Input,Code-Compliance,Party wall position was 30mm off surveyed boundary; required re-build of 6m section,Builder set wall from architectural drawing without independent survey check,Engaged surveyor at foundation stage; all walls set from survey pegs,Zero boundary-encroachment issues; legal sign-off without delay,Saved-9%,Residential|Townhouse|Zero-Lot|Party-Wall,DR-IBC-001,,,,CREATE_WALL|QUERY_CODE_COMPLIANCE,High
LL-007,CS-RES-003,Pocket Doors Essential for ADA Clearance in Small Rooms,Accessibility,Standard swing doors ate 900mm clear zone in 2.5m-wide hallways; ADA failed,Door schedule defaulted to hinged; clearance not modelled in plan,Replaced 6 interior doors with pocket doors; confirmed via PL-ADA-WC clearance check,Full ADA passing grade; wheelchair path clear in every room,Added-6%,Residential|Accessible|Healthcare|Institutional,FL-ADA-302.1|FL-ADA-303.2,,PL-ADA-WC,,CREATE_DOOR_TYPED|QUERY_ACCESSIBILITY,High
LL-008,CS-RES-003,Roll-In Shower Requires Blocking at Framing,Plumbing,Grab-bar backing plate missed behind shower wall; required wall demolition post-finish,Blocking schedule was not distributed to framing crew,Added explicit blocking drawing at framing; verified in inspection before drywall,Zero rework; grab bars installed at fit-out with no demolition,Saved-15%,Residential|Accessible|Healthcare,PL-ADA-608.1|PL-ADA-608.2,,PL-ADA-SHWR,,CREATE_SHOWER|MODIFY_DIMENSION,High
LL-009,CS-RES-003,Single-Storey Layout Mandates Wider Corridors Early,Accessibility,1.2m corridor too narrow for future wheelchair; retrofit would require re-framing,Corridor width set at industry minimum before accessibility brief was issued,Widened all corridors to 1.8m at framing; adjusted room sizes proportionally,ADA accessible throughout; future-proof for mobility aids,Added-4%,Residential|Accessible|Ageing-In-Place,FL-ADA-302.2,,,,MODIFY_WIDTH|QUERY_ACCESSIBILITY,High
LL-010,CS-RES-004,Airtightness Test Must Run at Framing — Not After Drywall,Envelope,Blower-door test post-drywall showed 3.2 ACH50; target was <1.0,Foam-sealing deferred to after drywall; penetrations already buried,Ran intermediate blower-door at framing; sealed all penetrations before insulation,Final test achieved 0.7 ACH50; passed Passive House threshold,Saved-22%,Residential|High-Performance|Passive-House|Net-Zero,FL-ASHRAE-90.1-C,,FL-RVALUE,ASSY-EXT-004,CREATE_WALL|MODIFY_INSULATION|QUERY_R_VALUE,High
LL-011,CS-RES-004,SIPs Spline Joints Are the Thermal Bridge Weak Point,Envelope,Infrared survey showed 0.4 W/m²K heat loss along every SIPs panel joint,Timber splines used at panel joints conducted heat straight through R-36 wall,Replaced timber splines with closed-cell foam splines; verified U-value via FL-UVALUE,Heat loss at joints reduced to 0.08 W/m²K; envelope U-value met 0.12 target,Neutral,Residential|High-Performance|Net-Zero|SIPs,FL-ASHRAE-90.1-D,,FL-UVALUE,ASSY-EXT-004,CREATE_WALL|MODIFY_INSULATION|QUERY_R_VALUE,High
LL-012,CS-RES-005,Pile Depth Must Exceed Scour Depth by 50%,Structural,Piles driven to 1.2m were exposed by storm scour; structure shifted,Pile length set from static bearing only; no scour allowance,Re-drove piles to 1.8m embedment using CD-FND-ANCHOR-EMBED formula,Structure stable through subsequent Category-3 event,Added-14%,Residential|Coastal|Hurricane|Flood-Zone,DR-IBC-007,,CD-FND-ANCHOR-EMBED,,CREATE_FOUNDATION|QUERY_CAPACITY,High
LL-013,CS-RES-005,Impact-Rated Glazing Must Be Specified Before Shell,Envelope,Standard glazing ordered; impact-rated lead time was 12 weeks,Glazing spec not flagged to procurement until window installation week,Added impact-rated glazing to spec at design development; ordered 14 weeks ahead,No schedule delay; Cat-5 glazing installed on time,Neutral,Residential|Commercial|Coastal|Hurricane,DR-IBC-014,,,,CREATE_WINDOW_TYPED|MODIFY_WINDOW_GLAZING,Medium
LL-014,CS-RES-005,Marine-Grade Coating on All Steel in Salt-Air Zone,Connection,Uncoated anchor bolts showed visible corrosion after 6 months,Standard zinc plating specified; marine-grade coating not in spec,All steel components coated with marine-grade epoxy + polyurethane topcoat,Zero corrosion at 24-month inspection; coating life estimated 25 years,Added-7%,Residential|Commercial|Coastal|Marine,STL-AISC-J3.1,CON-STL-001,,,CREATE_CONNECTION|MODIFY_MATERIAL,High
LL-015,CS-RES-006,Internal Insulation on Historic Timber Must Breathe,Envelope,Foil-faced insulation trapped moisture; black mould appeared in 8 months,Vapour-impermeable foil used on cold side of timber frame,Replaced with vapour-permeable PIR boards; added moisture-check sensor,RH dropped to 55%; zero mould after 18 months,Neutral,Residential|Conversion|Historic|Timber,FL-ASHRAE-90.1-C,,FL-RVALUE,,MODIFY_INSULATION|MODIFY_MATERIAL,High
LL-016,CS-RES-006,Skylight Step-Flashing Detail Must Match Roof Slope,Flashing,Water pooled around new skylight after first rain; dormer leaking,Skylight flashing set to generic 6:12 detail; actual roof was 7:12,Re-made step flashing to match 7:12 slope using CD-FL-STEP-QTY calculation,Zero leaks at 12-month inspection,Added-3%,Residential|Commercial|Any-Skylight,,CON-FL-001,CD-FL-STEP-QTY,,CREATE_FLASHING|CREATE_SKYLIGHT,High
LL-017,CS-RES-007,Hold-Down Spacing Must Match Shear-Panel Nail Schedule,Connection,Two hold-downs omitted at re-entrant corners; shear wall failed in shake test,Hold-down locations taken from generic drawing; re-entrant corners overlooked,Added HD15 at every re-entrant corner; verified spacing via CD-WOD-HD-UPLIFT,Shake-table test passed at full design base-shear,Added-3%,Residential|Seismic|Commercial,WOD-NDS-12.3.3|WOD-NDS-12.3.4,CON-WOD-010,CD-WOD-HD-UPLIFT,,CREATE_CONNECTION|QUERY_CAPACITY,High
LL-018,CS-RES-007,Plywood Shear Panels Need Specific Nail Size and Spacing,Connection,8d common nails at 6-inch spacing used; code required 8d at 4-inch for shear capacity,Framing crew used standard 6-inch spacing from memory,Added nail-schedule sign to each shear wall panel; inspector verified before sheathing,Shear-panel capacity verified at 100% of design drift,Neutral,Residential|Seismic|Any-Shear-Wall,WOD-NDS-12.3.1,CON-WOD-007,,,CREATE_SHEAR_WALL|CREATE_WALL,High
LL-019,CS-RES-008,Crack Injection Must Precede Membrane Application,Waterproofing,Liquid membrane bridged over 3mm crack; re-leaked within 4 months,Membrane applied directly over existing cracks without injection,All cracks >1mm injected with polyurethane foam; membrane applied after 48hr cure,Zero re-penetration at 18-month inspection,Saved-25%,Residential|Commercial|Any-Basement|Retrofit,,CON-WP-001,CD-WP-DRY-FILM,,CREATE_WATERPROOFING|MODIFY_MATERIAL,High
LL-020,CS-RES-008,Dimple Mat Drainage Board Protects Membrane During Backfill,Waterproofing,Direct backfill crushed membrane in two locations; required excavation and repair,Drain board omitted from spec; backfill placed directly on membrane,HDPE dimple mat installed over full membrane area before any backfill,Membrane undamaged at excavation spot-check; no repair needed,Saved-18%,Residential|Commercial|Any-Below-Grade,,CON-WP-005,CD-WP-SHEETS-QTY,,CREATE_WATERPROOFING|MODIFY_MATERIAL,High
LL-021,CS-RES-008,Interior French Drain Sized for Peak Hydrostatic Inflow,Plumbing,Perimeter drain pipe undersized; flooded during 100-year rain event,Drain sized for average flow; peak-storm infiltration not calculated,Re-sized to 100mm pipe at 1% slope; added sump with 1 HP pump,System handled 3x design storm with margin; no flooding,Added-10%,Residential|Any-Basement|Retrofit,PL-IPC-712.1,,PL-PIPE-DWV,,CREATE_PIPE|QUERY_PIPE_SIZE,High
LL-022,CS-RES-009,Triple-Seal Window Installation Is the Weakest Airtight Point,Envelope,Airtight test failed at every window reveal; total leakage 2.1 ACH50,Window reveal sealed with single bead of silicone; no compression gasket,Applied triple seal: compression gasket + butyl tape + silicone bead at every reveal,Window-reveal leakage dropped to zero at blower-door; overall 0.55 ACH50,Neutral,Residential|Passive-House|High-Performance,FL-ASHRAE-90.1-C,,FL-RVALUE,ASSY-EXT-005,CREATE_WINDOW|MODIFY_WINDOW_GLAZING|QUERY_R_VALUE,High
LL-023,CS-RES-009,Green-Roof Ballast Load Must Be Checked Against Slab Capacity,Structural,200mm growing-medium ballast exceeded slab design load by 0.4 kN/m²,Roof-garden spec chosen after structural slab was already designed,Reduced substrate to 150mm extensive; checked capacity via CD-STL-BP-AREA analogy,Slab utilisation at 92%; green roof installed within load limit,Saved-8%,Residential|Commercial|Any-Green-Roof,DR-IBC-007,,CD-STL-BP-AREA,,CREATE_ROOF|QUERY_CAPACITY,Medium
LL-024,CS-RES-010,Existing 6x6 Rafters Cannot Carry R-30 Insulation Depth,Structural,R-30 batt insulation required 8-inch cavity; existing 6x6 rafters only 5.5 inches,Insulation spec written before existing rafter size was surveyed,New 2x10 rafters installed at 400mm spacing over existing; insulation fits,R-30 achieved; structural survey sign-off at 100% of new rafter capacity,Added-18%,Residential|Conversion|Retrofit|Loft,FL-ASHRAE-90.1-C,,FL-RVALUE,,CREATE_BEAM|MODIFY_INSULATION,Medium
LL-025,CS-RES-010,Dormer Egress Window Must Be 1.8 m² Minimum,Code-Compliance,First dormer window was 1.4 m²; building control rejected for insufficient egress,Window size taken from architectural sketch without code check,Dormer resized to 1.8 m² opening; code compliance confirmed at design stage,Building control sign-off without revision,Saved-12%,Residential|Conversion|Loft|Bedroom,DR-IBC-010,,,,CREATE_WINDOW_TYPED|QUERY_CODE_COMPLIANCE,High
LL-026,CS-RES-011,Earth-Tube Inlet Must Be Below Frost Line Year-Round,MEP,Earth-tube pre-cooler inlet froze in January; fan stalled,Inlet buried at 0.8m; local frost depth is 1.2m,Relocated inlet to 1.5m depth with insulated sleeve at transition,System ran continuously through winter at -12°C ambient,Neutral,Residential|Passive-Cooling|Cold-Climate,FL-ASHRAE-90.1-C,,,,CREATE_PIPE|MODIFY_DIMENSION,Medium
LL-027,CS-RES-011,Courtyard Microclimate Requires Shading Calculation,Sustainability,Courtyard stayed at 42°C; fountain provided negligible cooling,No solar-shading analysis done on courtyard surfaces,Added pergola with 60% shade factor; fountain surface area increased 3x,Courtyard peak temperature dropped 8°C to 34°C,Saved-10%,Residential|Commercial|Tropical|Desert,,,,,CREATE_COURTYARD|QUERY_ENERGY_EFFICIENCY,Medium
LL-028,CS-RES-012,Modular Module Width Must Be Confirmed Before Transport,Structural,Two modules exceeded 14ft-2in transport width; required disassembly at gate,Module width calculated from interior dimensions only; wall thickness omitted,Added wall-thickness allowance to every module width at 3D-model stage; re-checked in BIM,All 12 modules transported and craned in one day; zero delay,Saved-15%,Residential|Modular|Prefab,,,,,EXPORT_IFC|QUERY_CODE_COMPLIANCE,High
LL-029,CS-RES-012,Weather-Seal at Module Joints Must Be Double-Bead,Envelope,Single bead of butyl tape at module joint allowed 0.5mm gap; condensation inside wall,Spec called for single strip; vibration during transport compressed tape unevenly,Changed to double-bead butyl + compression gasket at every joint,Zero moisture intrusion at 6-month thermal-imaging check,Added-2%,Residential|Modular|Prefab,FL-ASHRAE-90.1-C,,,,CREATE_WALL|MODIFY_MATERIAL,High
LL-030,CS-RES-013,Enclosed Eaves Are the #1 Ember-Intrusion Point,Fire-Safety,Embers entered open soffit and ignited attic insulation in neighbour's fire,Standard open-soffit detail used in WUI zone,All eaves enclosed with fire-rated soffit board; vents screened with 1/16-in mesh,Passed WUI ember-intrusion test to ASTM E1557 equivalent,Added-5%,Residential|Commercial|WUI|Fire-Resistant,FL-NFPA-101-10.2,,,,CREATE_FLASHING|CREATE_ROOF|QUERY_FIRE_RATING,High
LL-031,CS-RES-013,Metal Roof Standing-Seam Requires Expansion Allowance,Flashing,Metal roof panel cracked at ridge after summer thermal expansion,Panels butted with no expansion gap at ridge detail,Ridge detail redesigned with 25mm expansion gap; CD-FL-EXP-JT-LEN confirmed,Zero panel cracking after 2 thermal cycles,Neutral,Residential|Commercial|Any-Metal-Roof,,CON-FL-010,CD-FL-EXP-JT-LEN,,CREATE_EXPANSION_JOINT|CREATE_FLASHING,High
LL-032,CS-RES-014,Cantilevered Retaining Walls Need Heel-Slab Drainage,Waterproofing,Hydrostatic pressure behind retaining wall exceeded design; wall cracked at base,No French-drain behind wall; soil stayed saturated,Added gravel-core French drain with 100mm perforated pipe; EPDM membrane on heel slab,Water table behind wall dropped 0.6m; crack sealed and no recurrence,Added-11%,Residential|Commercial|Hillside|Retaining-Wall,,CON-WP-003,CD-WP-SHEETS-QTY,,CREATE_WATERPROOFING|CREATE_FOUNDATION,High
LL-033,CS-RES-014,Below-Grade Wall Waterproofing Must Extend 300mm Above Grade,Waterproofing,Membrane terminated at grade level; splash-zone degradation after 2 years,Membrane terminated flush with finished ground; no termination bar,Extended membrane 300mm above grade; added aluminium termination bar with sealant,Zero splash-zone failure at 24-month inspection,Neutral,Residential|Commercial|Any-Below-Grade,,CON-WP-001,CD-WP-OVERLAP-LEN,,CREATE_WATERPROOFING|MODIFY_MATERIAL,High
LL-034,CS-RES-015,Lead Flashing on Conservation Buildings Has 50+ Year Life,Flashing,Previous copper flashing failed after 18 years; owner wanted longest life,Copper corrodes in micro-climate created by slate and lime mortar,Specified 2.4mm lead sheet to BS EN 1468; verified by CD-FL-SHEET-QTY,Lead flashing installed; manufacturer warranty 50 years; zero maintenance,Added-20%,Residential|Commercial|Conservation|Historic,,CON-FL-005,CD-FL-SHEET-QTY,,CREATE_FLASHING|MODIFY_MATERIAL,High
LL-035,CS-RES-015,Internal Insulation on Single-Leaf Brick Needs Vapour Check,Envelope,Condensation formed on brick inner face behind insulation within 6 months,No dew-point calculation performed; insulation placed directly on brick,Added vapour-barrier film on warm side; verified dew-point stays outside insulation,Zero condensation at 12-month thermal survey,Neutral,Residential|Commercial|Renovation|Masonry,FL-ASHRAE-90.1-C,,FL-RVALUE,,MODIFY_INSULATION|QUERY_R_VALUE,High
LL-036,CS-RES-016,CLT Fire-Rating Above 2 Stories Needs Sprinkler Redundancy,Fire-Safety,Building control required second independent sprinkler loop for CLT above story 2,Single sprinkler loop assumed; CLT combustibility rating not considered,Added second loop with independent water supply; full system to BS 9999,Passed fire-safety review without further conditions,Added-9%,Residential|Commercial|Institutional|CLT|Timber,FL-NFPA-101-10.2,,,,CREATE_SPRINKLER|QUERY_FIRE_RATING,High
LL-037,CS-RES-016,Acoustic Party Floors Need Resilient Layer + Mass,Acoustics,"Impact sound Ln,w measured at 62 dB; target was 50 dB",Only mineral-wool blanket specified; no resilient underlayer under screed,Added 6mm resilient rubber mat under 50mm cement screed; mineral wool above,"Impact Ln,w dropped to 48 dB; exceeds code requirement",Added-6%,Residential|Commercial|Multi-Storey|Flats,FL-IBC-420.2,MAT-FL-090,FL-STC-CHECK,ASSY-FLR-002,CREATE_FLOOR|MODIFY_ACOUSTIC_RATING,High
LL-038,CS-RES-017,Blocking Schedule Must Be a Standalone Drawing,Accessibility,Three of eight blocking locations missed because schedule was on notes sheet only,Blocking locations buried in general-notes drawing; framing crew did not receive it,Created standalone blocking-location drawing distributed to framing and inspectors,100% of blocking installed at first inspection; zero rework,Saved-20%,Residential|Any-Accessible|Healthcare,FL-ADA-302.1,,PL-ADA-SHWR,,CREATE_SHOWER|CREATE_SINK|MODIFY_DIMENSION,High
LL-039,CS-RES-017,Lever Door Handles Are ADA-Required in All Rooms,Accessibility,Round knobs installed by hardware sub; ADA requires lever or automatic,Hardware schedule not cross-checked against ADA lever requirement,All handles replaced with lever type before occupancy; schedule updated,ADA passed on first certificate-of-occupancy inspection,Added-4%,Residential|Commercial|Institutional|Accessible,FL-ADA-302.2,,,,MODIFY_DOOR_HARDWARE|QUERY_ACCESSIBILITY,High
LL-040,CS-RES-018,Elevated Structure Must Account for Wind on Understory,Structural,Elevated villa experienced 40% higher uplift than ground-level equivalent,Structural model assumed ground-level wind profile; elevation effect not modelled,Re-ran ASCE-7 wind analysis at 1.2m elevation; increased tie-down capacity 40%,Structure passed load test at design wind speed,Added-8%,Residential|Coastal|Tropical|Elevated,DR-IBC-007,,,,CREATE_FOUNDATION|QUERY_WIND_LOAD,High
LL-041,CS-RES-018,Rainwater Tank UV Exposure Degrades Standard PE,Plumbing,Outdoor PE tank turned brittle and cracked after 18 months of direct sun,Standard HDPE tank specified without UV-resistance grade,Replaced with UV-stabilised PE tank; relocated under shaded canopy,Tank at 3-year inspection: zero cracking; capacity maintained,Added-5%,Residential|Commercial|Tropical|Rainwater,PL-IPC-712.1,,PL-PIPE-SUPPLY,,CREATE_PIPE|MODIFY_MATERIAL,Medium
LL-042,CS-COM-001,Curtain-Wall Spandrel Thermal Bridge Needs Foam Core,Envelope,IR survey showed 0.6 kW/m² heat loss at every spandrel panel,Spandrel specified as solid aluminium; no insulation core,Replaced with foam-core spandrel panel; verified via FL-UVALUE,Heat loss at spandrel dropped 90%; ASHRAE 90.1 compliance achieved,Saved-7%,Commercial|Office|Any-Curtain-Wall,FL-ASHRAE-90.1-D,,FL-UVALUE,ASSY-EXT-010,CREATE_WALL|MODIFY_MATERIAL|QUERY_R_VALUE,High
LL-043,CS-COM-001,Base Isolation Anchorage Must Be Inspected Before Grout,Connection,Two isolation bearings shifted during pour; alignment was 12mm off,Grout poured before final bearing position was verified by engineer,Added mandatory engineer sign-off on bearing position before any grout,Zero bearing misalignment; seismic performance confirmed by analysis,Saved-30%,Commercial|Institutional|Seismic,STL-AISC-J3.5,CON-STL-014,CD-STL-BP-THICK,,CREATE_CONNECTION|CREATE_FOUNDATION,High
LL-044,CS-COM-002,TPO Parapet Cap Must Be Counter-Flashed Into Wall,Flashing,Water pooled behind parapet cap; wall cavity flooded in first storm,Cap terminated with single silicone bead; no counter-flash into wall,Counter-flash inserted 75mm into wall cavity behind cap; sealant re-applied,Zero water intrusion at 12-month inspection,Neutral,Commercial|Residential|Any-Parapet,,CON-FL-015,CD-FL-WIN-PERIM,,CREATE_FLASHING|CREATE_ROOF,High
LL-045,CS-COM-002,Sprinkler Head Clearance Must Be 450mm From Ceiling,Fire-Safety,Eight heads mounted at 300mm; fire marshal required removal and re-install,Ceiling height changed late; sprinkler rough-in stayed at original height,All heads re-piped to 450mm clearance; NFPA 13 spacing confirmed,Fire-marshal sign-off on first inspection,Added-8%,Commercial|Residential|Institutional|Any-Sprinkler,STL-NFPA-13-7.3,,,,CREATE_SPRINKLER|MODIFY_DIMENSION,High
LL-046,CS-COM-003,Pressurised Corridor Requires Sealed Door Gaskets,MEP,Infection-control pressure differential measured at only 1.2 Pa; target 2.5 Pa,Doors lacked compression gaskets; air leaked around every frame,Gasketed frames installed on all corridor doors; pressure re-tested,2.8 Pa differential achieved; FGI infection-control requirement exceeded,Added-4%,Commercial|Institutional|Healthcare,DR-IBC-014,,,,CREATE_DOOR|MODIFY_DOOR_HARDWARE|QUERY_VENTILATION,High
LL-047,CS-COM-003,Low-Flow Fixtures Reduce Peak-Demand Water Heater Size,Plumbing,Initial 120-gallon water heater oversized by 40% due to peak-demand miscalculation,All fixtures assumed at max-flow GPM; low-flow fixture data not used,Recalculated using actual GPF from PL-FU-SINGLE; downsized to 80-gallon,Water heater cost reduced 35%; energy saving 12% annually,Saved-35%,Commercial|Residential|Healthcare|Any-Plumbing,PL-IPC-712.2,,PL-HEATER-SIZE|PL-FU-TOTAL,,CREATE_WATER_HEATER|QUERY_FIXTURE_UNITS,High
LL-048,CS-COM-004,ESFR Sprinkler Requires 3.7m Minimum Clearance to Deck,Fire-Safety,Mezzanine steel deck installed at 3.2m; ESFR heads within exclusion zone,Mezzanine height set before sprinkler type was confirmed,Raised mezzanine deck to 3.7m; ESFR heads verified at design gpm,Factory-mutual inspection passed; no re-design required,Added-6%,Commercial|Industrial|Warehouse,STL-NFPA-13-7.3,,,,CREATE_BEAM|CREATE_SPRINKLER,High
LL-049,CS-COM-004,Mezzanine-to-PEB-Frame Weld Must Be Engineered Joint,Connection,Mezzanine beams field-welded to PEB columns without engineered detail,Fabricator assumed fillet weld; PEB column flange required reinforcement plate,Engineered weld detail with gusset plate; fabricated off-site to AWS D1.1,Joint capacity 20% above demand; no field-weld rework,Saved-15%,Commercial|Industrial|Any-Mezzanine,STL-AWS-D1.1-3.1,CON-STL-015,CD-STL-WELD-CAP,,CREATE_CONNECTION|CREATE_BEAM,High
LL-050,CS-COM-005,Post-Tensioned Slab Tendon Routing Must Clear Reinforcement,Structural,Three tendons fouled by rebar cage; required re-routing and pour delay,Tendon routing drawing not coordinated with rebar shop drawings,BIM clash-detection run at design stage; tendon and rebar routed together,Zero conflicts during pour; schedule maintained,Saved-12%,Commercial|Institutional|Parking|Any-PT-Slab,STL-ACI-318-20.3,,CD-STL-BP-AREA,,CREATE_BEAM|EXPORT_IFC,High
LL-051,CS-COM-005,Car-Park Roof Waterproofing Must Include Traffic-Wear Course,Waterproofing,Membrane damaged by tyre abrasion within 3 months of opening,Traffic deck finished with only aggregate-surfaced membrane; no wear course,Added 12mm polyurethane wear course over membrane; anti-slip aggregate embedded,Zero membrane damage at 24-month inspection; design life 30 years,Added-10%,Commercial|Institutional|Any-Parking-Roof,,CON-WP-002,CD-WP-AREA,,CREATE_WATERPROOFING|MODIFY_MATERIAL,High
LL-052,CS-COM-006,Concealed Sprinkler Heads Need False-Ceiling Coordination,Fire-Safety,Four heads in finished ceilings missed ceiling-tile grid; tiles had to be cut,Sprinkler rough-in done before false-ceiling grid was set out,Ceiling-grid and sprinkler positions co-ordinated in BIM; shop-drawing overlay done,All heads land in tile centres; zero cutting required,Saved-10%,Commercial|Hospitality|Institutional|Any-False-Ceiling,STL-NFPA-13-7.3,,,,CREATE_SPRINKLER|CREATE_CEILING,High
LL-053,CS-COM-006,Hotel Room Acoustic Separation Needs Flanking Path Check,Acoustics,STC 52 achieved at party wall but impact sound transmitted via concrete floor slab,Acoustic calculation considered wall only; flanking via slab not modelled,Added resilient strip at wall-slab junction; flanking calculation confirmed STC 52 system,Measured Rw 53 dB including flanking; guest complaints eliminated,Added-3%,Commercial|Residential|Hospitality|Multi-Storey,FL-IBC-420.2,,FL-STC-CHECK,,CREATE_WALL|MODIFY_ACOUSTIC_RATING,High
LL-054,CS-COM-007,Slab Control Joints Must Be Cut Within 24 Hours of Pour,Structural,Expansion joint covers installed but slab cracked randomly between them,Control-joint sawing delayed 48 hours; thermal stress caused random cracking,Joints saw-cut at 18 hours post-pour; sealed with polyurethane sealant,Zero random cracks at 6-month inspection; joint pattern as designed,Saved-22%,Commercial|Industrial|Any-Concrete-Slab,STL-ACI-318-20.4,,,,CREATE_EXPANSION_JOINT|CREATE_SLAB,High
LL-055,CS-COM-007,Dock Leveller Weather Seal Must Be Replaced Annually,Flashing,Water pooled on dock slab during winter; slip-hazard and freeze damage,Dock-door weather seal was original unit; never replaced after 5 years,Seal replaced annually; slope added to dock slab 1% to door threshold,Zero water ponding; dock slab dry within 1 hour of rain,Added-2%,Commercial|Industrial|Any-Loading-Dock,,,,,CREATE_DOOR|CREATE_FLASHING,Medium
LL-056,CS-COM-008,Raised-Floor Grid Must Be Surveyed Before Partition Layout,Structural,Six partition walls fell between floor-tile supports; required structural re-design,Partition layout done from architectural plan; actual raised-floor grid not surveyed,Floor grid surveyed and overlaid on partition plan; walls moved to grid lines,All walls supported; zero structural re-design,Saved-18%,Commercial|Office|Any-Raised-Floor,DR-IBC-001,,,,CREATE_WALL|MODIFY_DIMENSION,High
LL-057,CS-COM-008,Demountable Partition Acoustic Rating Needs Gasketed Frame,Acoustics,Open-office STC measured at 32; meeting-room target was STC 45,Demountable partition installed with standard frame; no gasket or seal,Replaced with acoustic-rated partition with compression gaskets at floor and ceiling,STC measured at 46; meeting-room privacy achieved,Added-8%,Commercial|Office|Any-Meeting-Room,FL-IBC-420.2,,FL-STC-CHECK,,CREATE_WALL|MODIFY_ACOUSTIC_RATING,High
LL-058,CS-COM-009,Epoxy Floor Anti-Slip Rating Must Be R12 Minimum for Kitchens,Flooring,Three slip incidents in first month; epoxy was smooth R9 finish,Epoxy spec chosen for aesthetics; slip-resistance grade not specified,Re-coated with R12 anti-slip epoxy; broadcast aggregate at 40% coverage,Zero slip incidents after re-coat; health-code passed,Added-12%,Commercial|Food-Service|Industrial,FL-ASTM-F1292,MAT-FL-145,,,MODIFY_FLOOR_TYPE|QUERY_CODE_COMPLIANCE,High
LL-059,CS-COM-009,Grease-Trap Sizing Must Use Peak-Hour Flow,Plumbing,Grease trap overflowed during lunch rush; sized for average daily flow,Trap sized at 20 GPM; peak lunch-hour output was 48 GPM,Re-sized to 50 GPM unit; flow calculation used peak-hour assumption,Trap handled full lunch service; zero overflow,Added-15%,Commercial|Food-Service|Industrial,PL-IPC-712.3,,PL-FLOW-DAILY,,CREATE_PIPE|QUERY_PIPE_SIZE,High
LL-060,CS-COM-010,Data-Centre Cable Tray Seals Prevent Air Bypass,MEP,Cold-aisle temperature rose 8°C; hot air recirculating through cable slots,Cable trays in raised floor were left unsealed; air bypassed containment,All cable slots sealed with fire-rated foam; air-tightness tested,Cold-aisle temperature dropped to design 18°C; cooling efficiency up 20%,Saved-20%,Commercial|Technology|Data-Centre,DR-IBC-014,,,,CREATE_PIPE|CREATE_DUCTWORK|QUERY_VENTILATION,High
LL-061,CS-COM-010,UPS Room Must Be Fire-Isolated Even Inside Main Building,Fire-Safety,Fire marshal required 2-hour rating around UPS; original spec was 1-hour,UPS room treated as standard MEP room; hazard classification not assessed,Upgraded partitions to 2-hour assembly with mineral-wool core; sprinkler added,Fire-safety sign-off without further conditions,Added-7%,Commercial|Technology|Data-Centre|Industrial,FL-NFPA-101-10.2,,,,CREATE_WALL|CREATE_SPRINKLER|QUERY_FIRE_RATING,High
LL-062,CS-COM-011,Natural-Vent Louvres Need Acoustic Baffles for Schools,Acoustics,Measured noise level in hall was 58 dB(A); target was 42 dB(A),Louvres installed open; no acoustic lining on internal faces,Acoustic baffles (50mm mineral wool) added inside louvre boxes; flow re-checked,Noise level dropped to 40 dB(A); HVAC did not need to compensate,Saved-12%,Institutional|Commercial|Education|Assembly,FL-IBC-420.1,,,,CREATE_DUCTWORK|QUERY_VENTILATION,High
LL-063,CS-COM-011,Fire-Exit Travel Distance Must Be 30m Maximum,Fire-Safety,Corner classroom was 34m from nearest exit; building control flagged,Travel distance calculated only for central rooms; corner checked late,Relocated one exit door; confirmed all rooms within 30m travel,Building control sign-off without delay,Saved-5%,Institutional|Commercial|Education|Assembly,FL-NFPA-101-10.2,,,,CREATE_DOOR|QUERY_CODE_COMPLIANCE,High
LL-064,CS-COM-012,Rubber Flooring Impact Rating Must Meet ASTM F1292,Flooring,Court floor used 8mm rubber; ASTM F1292 requires >12mm for drop-shock protection,Rubber thickness spec taken from supplier minimum; standard not cross-checked,Upgraded to 12mm elastomeric rubber; verified against ASTM F1292 CFC 20 impact,Sport-authority inspection passed; athlete safety confirmed,Added-8%,Commercial|Institutional|Sports,FL-ASTM-F1292,MAT-FL-142,,,MODIFY_FLOOR_TYPE|QUERY_CODE_COMPLIANCE,High
LL-065,CS-COM-012,High-Bay LED Uniformity Requires 5m Grid Maximum,MEP,Uniformity measured at 0.55; code requires 0.7 minimum,Lights placed at 7m grid to reduce fixture count,Reduced to 5m grid; fixture wattage reduced to maintain lumen output,Uniformity measured at 0.81; energy consumption unchanged,Neutral,Commercial|Industrial|Sports|Warehouse,DR-IBC-014,,,,CREATE_LIGHTING|QUERY_LIGHTING_LEVEL,High
LL-066,CS-COM-013,Commercial Kitchen Water Heater Sized for Peak-Hour Demand,Plumbing,Water ran cold during morning prep; heater undersized by 30%,Heater sized on daily average; morning peak-hour demand not modelled,Re-sized using PL-HEATER-SIZE with 60-min peak-hour input; 100-gallon commercial gas,Hot water available throughout morning prep; zero complaints,Added-20%,Commercial|Food-Service|Institutional,PL-IPC-807.1,,PL-HEATER-SIZE,,CREATE_WATER_HEATER|QUERY_FIXTURE_UNITS,High
LL-067,CS-COM-013,DWV Main Must Be 2.5 Inch for 42 FU on Single Branch,Plumbing,1.5-inch DWV branch backed up during multi-fixture use,Pipe sized using single-fixture flow; accumulated FU not added,Re-sized main to 2.5 inch using PL-PIPE-DWV; branch sizing confirmed,Zero backups at full occupancy,Added-10%,Commercial|Institutional|Food-Service,PL-IPC-712.1,,PL-PIPE-DWV,,CREATE_PIPE|QUERY_PIPE_SIZE,High
LL-068,CS-COM-014,60m Span Truss Needs Tuned Mass Damper for Wind,Structural,Truss vibrated visibly in 40 km/h wind; occupant discomfort reported,Deflection within code but dynamic vibration amplitude was 8mm,Tuned mass damper added at mid-span; vibration reduced to 1.2mm,Comfort criterion met; no further structural changes needed,Added-9%,Commercial|Institutional|Transportation|Long-Span,DR-IBC-007,,CD-STL-BP-AREA,,CREATE_BEAM|QUERY_CAPACITY,Medium
LL-069,CS-COM-014,Expansion-Joint Travel Must Be 150mm Minimum at Terminals,Flashing,Expansion joint cover popped off in summer; travel was only 80mm,Joint designed for 40°C range; actual range was 55°C with solar gain,Joint upgraded to 150mm travel with compression spring; cover re-anchored,Cover stayed in place through 60°C roof-surface temperature,Added-12%,Commercial|Institutional|Transportation|Any-Long-Span,,,CD-FL-EXP-JT-LEN,,CREATE_EXPANSION_JOINT|MODIFY_DIMENSION,High
LL-070,CS-INS-001,School Classroom RT Must Be Modelled Not Assumed,Acoustics,Finished classroom RT was 1.1s; target was 0.6s,RT assumed adequate with standard suspended ceiling; absorption area not calculated,Added acoustic lining to rear wall; ceiling tile absorption verified via calculation,Measured RT 0.58s; meets BB100 requirement,Added-6%,Institutional|Education|Commercial,FL-IBC-420.1,,,,CREATE_WALL|MODIFY_ACOUSTIC_RATING,High
LL-071,CS-INS-001,Sedum Roof Requires Structural Check for Wet-Ballast Load,Structural,Sedum substrate at 150mm weighed 2.8 kN/m²; slab designed for 1.5 kN/m²,Green-roof supplier provided dry weight only; wet weight 85% higher,Structural engineer checked wet ballast; slab stiffened with additional beams,Roof load test passed; sedum installed without issues,Added-10%,Institutional|Residential|Commercial|Any-Green-Roof,DR-IBC-007,,CD-STL-BP-AREA,,CREATE_ROOF|QUERY_CAPACITY,High
LL-072,CS-INS-002,Fume-Hood Exhaust Must Be Dedicated — No Shared Duct,MEP,Chemical vapour appeared in adjacent lab after shared exhaust fan cycled,Two hoods shared one exhaust duct; back-draft damper failed,Each hood given dedicated exhaust duct with separate fan and stack,Zero cross-contamination incidents; lab-safety audit passed,Added-18%,Institutional|Commercial|Laboratory|Healthcare,DR-IBC-014,,,,CREATE_DUCTWORK|QUERY_VENTILATION,High
LL-073,CS-INS-002,Clean-Room HEPA Supply Requires Isolated Return Path,MEP,Clean-room particle count exceeded ISO 7 limit by 40%,Return air path shared with corridor; dust infiltrated via gap under door,Dedicated return duct installed; door sealed with gasket; pressure raised to +15 Pa,Particle count at ISO 7 classification; zero breach events,Added-14%,Institutional|Commercial|Laboratory|Pharmaceutical,DR-IBC-014,,,,CREATE_DUCTWORK|CREATE_DOOR|QUERY_VENTILATION,High
LL-074,CS-INS-003,Hospital OR Pressure Must Be +2.5 Pa Relative to Corridor,MEP,Post-op infection rate spiked; OR was at neutral pressure,Airlock doors left open during changeover; pressure equalized,Interlocked double-door airlock installed; pressure alarm at <2.0 Pa,Infection rate returned to baseline within 3 months,Added-5%,Institutional|Healthcare,DR-IBC-014,,,,CREATE_DOOR|CREATE_DUCTWORK|QUERY_VENTILATION,High
LL-075,CS-INS-003,Medical-Gas Manifold Must Be Isolated from Structural Movement,Structural,Gas line cracked at seismic joint during minor tremor; manifold leaked,Medical-gas manifold rigidly welded to structural wall,Manifold mounted on flexible bracket with bellows at wall penetration,Gas system passed seismic shake-test at design base-shear,Added-8%,Institutional|Healthcare|Seismic,STL-ACI-318-20.3,,,,CREATE_PIPE|CREATE_CONNECTION,High
LL-076,CS-INS-004,Light Shelf Doubles Daylight Penetration in Deep Rooms,MEP,Interior zone had 80 lux natural light; target was 300 lux,Skylight alone could not reach interior of 12m-deep room,Angled light shelf at 1.2m height redirected skylight to back wall,Interior natural light rose to 310 lux; electric lighting off during day,Saved-30%,Institutional|Commercial|Residential|Any-Deep-Room,DR-IBC-014,,,,CREATE_SKYLIGHT|CREATE_LIGHTING,Medium
LL-077,CS-INS-004,Green-Roof Filter Fabric Must Be Inspected Annually,Waterproofing,Roof drain backed up; filter fabric clogged by root debris,No maintenance access or inspection schedule included in O&M manual,Access hatch added at every drain; annual inspection clause in lease,Zero drain blockages after maintenance regime started,Neutral,Institutional|Commercial|Any-Green-Roof,,CON-WP-005,CD-WP-AREA,,CREATE_WATERPROOFING|CREATE_ROOF,Medium
LL-078,CS-INS-005,Apparatus-Bay Exhaust Must Be 8 ACH Minimum for Diesel,MEP,CO2 level in bay hit 1200 ppm after engine warm-up; threshold is 1000,Exhaust fans sized for 6 ACH using office-type calculation,Re-sized fans to 8 ACH; CO sensor added for automatic fan boost,Bay CO2 stayed below 800 ppm at peak; no further issues,Added-10%,Institutional|Emergency|Industrial,DR-IBC-014,,,,CREATE_DUCTWORK|QUERY_VENTILATION,High
LL-079,CS-INS-005,Quick-Release Door Must Be Tested Monthly,Fire-Safety,Quick-release door jammed during drill; mechanism corroded,Door tested only at annual fire-safety review,Monthly test clause added to O&M; mechanism replaced on first failure,Door operates in <4 seconds at every subsequent drill,Neutral,Institutional|Emergency|Commercial,FL-NFPA-101-10.2,,,,CREATE_DOOR|QUERY_FIRE_RATING,High
LL-080,CS-INS-006,Pool-Surround Waterproofing Needs Chlorine-Proof Membrane,Waterproofing,Standard EPDM membrane degraded within 6 months; pool surround leaked,EPDM rated for water only; chlorine concentration not considered,Replaced with chlorine-resistant liquid membrane + anti-slip tiles,Membrane passed 24-month pool-chemical exposure test,Added-15%,Institutional|Commercial|Sports|Pool,,CON-WP-002,CD-WP-DRY-FILM,,CREATE_WATERPROOFING|MODIFY_MATERIAL,High
LL-081,CS-INS-006,Dehumidifier Sizing Must Use Wet-Bulb Temperature,MEP,Pool hall humidity hit 75% RH in summer; condensation on structure,Dehumidifier sized using dry-bulb air temperature,Re-sized using wet-bulb temperature; capacity increased 40% to 6000 kg/hr,Pool-hall RH controlled at 58%; zero condensation,Added-15%,Institutional|Commercial|Sports|Pool,DR-IBC-014,,,,CREATE_DUCTWORK|QUERY_VENTILATION,High
LL-082,CS-INS-007,Blast-Resistant Facade Must Be Tested to UFC 4-205,Structural,Curtain-wall facade specified as blast-rated but no test-report provided,Manufacturer claimed blast rating without independent test evidence,Facade replaced with tested system with UFC 4-205 Level II certification,DoD security review passed; no further conditions,Added-22%,Institutional|Defence|Government|High-Security,STL-AISC-J3.3,,,,CREATE_WALL|CREATE_WINDOW_TYPED,High
LL-083,CS-INS-007,300mm Concrete Shear Wall Provides Blast AND Fire Rating,Structural,Original 200mm wall met blast but failed 1-hour fire rating,Blast and fire calculations done independently; not cross-checked,Upgraded all walls to 300mm; confirmed both blast resistance and 2-hour fire,Dual-rating sign-off without further structural changes,Added-10%,Institutional|Defence|Commercial|Any-Shear-Wall,STL-ACI-318-20.3,,,,CREATE_WALL|QUERY_FIRE_RATING,High
LL-084,CS-INS-008,Museum Climate Requires ±1°C Precision HVAC Zoning,MEP,Gallery temperature swung ±3°C daily; artifact curator flagged risk,Single HVAC zone served entire gallery; thermostat at door,Split into 3 micro-zones with individual VAV boxes and sensors,Temperature stability achieved ±0.8°C; artefact risk eliminated,Added-14%,Institutional|Commercial|Cultural|Museum,DR-IBC-014,,,,CREATE_HVAC_ZONE|MODIFY_HVAC_SETPOINT,High
LL-085,CS-INS-008,Lantern Skylight UV Film Must Be <5% Transmission,Envelope,UV-sensitive exhibit faded within 3 months; film was 12% transmission,Film spec taken from general glazing supplier; museum UV requirement not stated,Film replaced with museum-grade low-e UV at 3% transmission,UV-meter check passed; exhibit fading stopped,Added-8%,Institutional|Commercial|Cultural|Museum,,,,,CREATE_SKYLIGHT|MODIFY_WINDOW_GLAZING,High
LL-086,CS-INS-009,Anti-Ligature Fixture Must Have Zero Anchor Point,Plumbing,Standard wall-mounted toilet had exposed bolt heads; security flag raised,Standard commercial fixtures specified; anti-ligature requirement not communicated,Replaced with anti-ligature combo units with concealed fixings throughout,Security audit passed; zero exposed anchor points in any cell,Added-25%,Institutional|Justice|Correctional,PL-IPC-712.1,,,,CREATE_TOILET|CREATE_SINK|CREATE_SHOWER,High
LL-087,CS-INS-009,Detention Security Door Must Be 1hr Fire-Rated AND Mag-Lock,Fire-Safety,Building control required simultaneous fire-rating AND mag-lock release,Standard mag-lock doors not fire-rated; fire doors had no mag-lock,Specified certified 1-hour fire-rated door with fail-safe mag-lock,Fire-safety and security sign-off achieved simultaneously,Added-18%,Institutional|Justice|Correctional|High-Security,FL-NFPA-101-10.2,,,,CREATE_DOOR_TYPED|QUERY_FIRE_RATING,High
LL-088,CS-INS-010,Bus-Bay Exhaust Must Be 15 ACH for Diesel-Engine Bays,MEP,NO2 concentration in depot hit 0.5 ppm; occupational limit is 0.1 ppm,Exhaust rate set at generic 8 ACH; diesel-emission factor not applied,Fans re-sized to 15 ACH with NO2 sensor for automatic boost,NO2 stayed below 0.05 ppm at peak; COSHH passed,Added-12%,Institutional|Industrial|Transport|Depot,DR-IBC-014,,,,CREATE_DUCTWORK|QUERY_VENTILATION,High
LL-089,CS-INS-010,Fuel-Bund Must Be 110% of Largest Single Tank,Waterproofing,Spill from largest tank overflowed 100% bund; environmental notification required,Bund sized at 100% of largest tank; code requires 110%,Bund walls raised 150mm to achieve 110%; secondary containment confirmed,Spill-containment passed EA inspection; no further environmental notice,Added-3%,Institutional|Industrial|Transport|Depot,,CON-WP-006,CD-WP-AREA,,CREATE_WATERPROOFING|CREATE_EXPANSION_JOINT,High
LL-090,CS-INF-001,Bridge-Abutment Primer Must Be Applied Before EPDM Bond,Waterproofing,EPDM sheet peeled off abutment after first freeze-thaw cycle,Membrane bonded directly to concrete without primer coat,Two-coat primer applied; 24-hour cure before EPDM bonding,Membrane adhesion tested at 1.8 N/cm²; passed ASTM D4541,Neutral,Infrastructure|Bridge|Any-Concrete-Surface,,CON-WP-003,CD-WP-SHEETS-QTY,,CREATE_WATERPROOFING|MODIFY_MATERIAL,High
LL-091,CS-INF-001,Geotextile Filter Fabric Prevents Drain-Board Clogging,Waterproofing,Drain board channels clogged with fine soil particles within 6 months,No geotextile between soil and drain board,Geotextile installed over entire drain-board surface before backfill,Drain flow rate maintained at design value after 24 months,Neutral,Infrastructure|Residential|Commercial|Any-Below-Grade,,CON-WP-005,CD-WP-SHEETS-QTY,,CREATE_WATERPROOFING|MODIFY_MATERIAL,High
LL-092,CS-INF-002,Vibration-Isolator Deflection Must Be Checked for Each Unit,MEP,One HVAC unit transmitted 60% of vibration through isolator,All isolators spec'd at same deflection; unit weights varied 30%,Each isolator deflection matched to actual unit weight; verified at install,Vibration transmission below 5% for all units,Neutral,Commercial|Infrastructure|Rooftop|MEP,DR-IBC-014,,,,CREATE_CONNECTION|MODIFY_HVAC_SETPOINT,Medium
LL-093,CS-INF-002,Counter-Flash at Every Roof Penetration — Zero Exceptions,Flashing,One conduit penetration was left unsealed; water entered roof void,Penetration list was incomplete; conduit added late and missed from flashing schedule,BIM model updated with every penetration; flashing schedule auto-generated,Zero unsealed penetrations at roof-completion inspection,Saved-15%,Commercial|Institutional|Infrastructure|Any-Flat-Roof,,CON-FL-001,CD-FL-WIN-PERIM,,CREATE_FLASHING|EXPORT_IFC,High
LL-094,CS-INF-003,Underground Parking Epoxy Rebar Is Non-Negotiable,Structural,Chloride-induced corrosion split concrete cover at 8 years in adjacent garage,Adjacent garage used black rebar; chloride ingress from salt-air not modelled,All rebar epoxy-coated per NACE Standard SP0190; cover 40mm minimum,Chloride content at 30 years: below 0.3% by mass; design life 50 years,Added-15%,Infrastructure|Commercial|Any-Below-Grade|Parking,STL-ACI-318-20.3,,,,CREATE_FOUNDATION|CREATE_WALL,High
LL-095,CS-INF-003,Underground Parking Ventilation Must Use CO Monitors,MEP,CO level hit 35 ppm during morning rush; limit is 25 ppm for 8-hr TWA,Fans ran on fixed timer; morning peak not accounted for,CO sensors installed at 10m intervals; fans boost to 8 ACH when CO >15 ppm,CO stayed below 20 ppm at peak; IBC occupancy requirement met,Added-8%,Infrastructure|Commercial|Any-Parking,DR-IBC-014,,,,CREATE_DUCTWORK|QUERY_VENTILATION,High
LL-096,CS-INF-004,Water-Treatment Roof TPO Must Be Chemical-Resistant Grade,Waterproofing,Standard TPO discoloured and became brittle near chemical-vent exhaust,TPO grade not specified; generic membrane used,Replaced with chemical-resistant TPO; primer matched to chemical exposure,Membrane passed 5-year inspection with zero degradation,Added-10%,Infrastructure|Commercial|Industrial|Chemical,,CON-WP-002,CD-WP-DRY-FILM,,CREATE_WATERPROOFING|MODIFY_MATERIAL,High
LL-097,CS-INF-004,Roof Drain Sizing Must Account for 100-Year Storm Flow,Plumbing,Roof flooded during 100-year rain; 75mm drains could not handle 12 L/s,Drains sized for 10-year storm only,Re-sized to 100mm drains using 100-year rainfall intensity; overflow scuppers added,Roof cleared within 5 minutes of 100-year event; zero damage,Added-6%,Infrastructure|Commercial|Institutional|Any-Flat-Roof,PL-IPC-712.1,,PL-PIPE-DWV,,CREATE_PIPE|QUERY_PIPE_SIZE,High
LL-098,CS-INF-005,Telecoms Tower Anchor-Bolt Embed Must Be 30× Diameter,Connection,Two anchor bolts pulled out of concrete under cyclic load,Embed depth set at 20× diameter from generic spec,Re-designed to 30× diameter embed with epoxy grout; pull-out test passed,Bolt capacity exceeded design by 35%; tower certification achieved,Added-12%,Infrastructure|Telecoms|Any-Tower,STL-AISC-J3.4,CON-STL-018,CD-FND-ANCHOR-EMBED,,CREATE_CONNECTION|CREATE_FOUNDATION,High
LL-099,CS-INF-005,Grout Bed Under Tower Base Must Be Epoxy Not Cement,Connection,Cement grout cracked within 90 days; base tilted 2mm,Portland-cement grout used; shrinkage under large plate not considered,Replaced with epoxy grout at 50mm thickness; no-shrink verified,Base level within 0.5mm at 12-month check; zero further settlement,Added-5%,Infrastructure|Telecoms|Industrial|Heavy-Equipment,STL-AISC-J3.5,,CD-STL-BP-THICK,,CREATE_CONNECTION|MODIFY_MATERIAL,High
LL-100,CS-INF-006,Stadium Expansion Joint Spring Must Allow Bi-Directional Travel,Flashing,Joint cover popped on one side; spring was uni-directional,Joint designed for single-direction thermal movement only,Replaced with bi-directional compression-spring unit rated 200mm each way,Zero cover displacement through full seasonal cycle,Added-10%,Infrastructure|Commercial|Sports|Any-Long-Span,,,CD-FL-EXP-JT-LEN,,CREATE_EXPANSION_JOINT|MODIFY_DIMENSION,High
LL-101,CS-INF-006,Stainless-Steel Roof-Joint Cover Needs Safety Clips in Slope,Flashing,Metal cover slid down 600mm slope and fell off during wind event,Cover retained by gravity only; no positive fixity,Safety clips welded to cover; fixed to structural purlin with slotted holes,Cover secure at 150 km/h wind test; zero displacement,Added-4%,Infrastructure|Commercial|Sports|Any-Metal-Roof,,,,,CREATE_FLASHING|CREATE_CONNECTION,Medium
LL-102,CS-INF-007,Solar-Farm Pier Waterproof Cap Must Seal Before Rebar Corrosion,Waterproofing,Three piers showed rebar corrosion at 2 years; caps were installed after concrete cure,Cap installation deferred; rain hit exposed rebar during 4-week cure,Caps installed within 24 hours of concrete demolding; sealed with silicone bead,Zero corrosion at 5-year inspection; 30-year design life on track,Neutral,Infrastructure|Renewable|Solar|Any-Pier,STL-ACI-318-20.4,,,,CREATE_WATERPROOFING|CREATE_FOUNDATION,High
LL-103,CS-INF-007,Frost-Heave Pier Depth Is Minimum — Go 25% Deeper,Structural,Two piers cracked at frost line; heave force exceeded design,Piers set at published frost depth; no safety margin,All piers extended 25% beyond frost line; sleeve insulated at transition,Zero heave cracking in 3 consecutive winters,Added-8%,Infrastructure|Renewable|Solar|Any-Cold-Climate,DR-IBC-007,,CD-FND-ANCHOR-EMBED,,CREATE_FOUNDATION|QUERY_CAPACITY,High
LL-104,CS-INF-008,Tunnel-Portal Bentonite Waterstop Must Be Protected During Pour,Waterproofing,Bentonite tube swelled before concrete was placed; joint mis-aligned,Tube installed days before pour; groundwater activated it early,Tube installed max 4 hours before pour; plastic sleeve removed at pour face only,Joint sealed with zero groundwater intrusion at 12-month inspection,Neutral,Infrastructure|Rail|Tunnel|Any-Below-Grade,,CON-WP-004,CD-WP-OVERLAP-LEN,,CREATE_WATERPROOFING|MODIFY_MATERIAL,High
LL-105,CS-INF-008,Double-Layer EPDM With Leak-Detection Mesh Finds Faults Fast,Waterproofing,Single-layer membrane developed a pinhole leak; source took 3 months to find,No leak-detection layer between membrane layers,Conductive mesh installed between two EPDM layers; electrical test locates faults,Leak found within 2 hours of first sign; repaired same day,Saved-40%,Infrastructure|Tunnel|Commercial|Any-Critical-Waterproofing,,CON-WP-003,CD-WP-SHEETS-QTY,,CREATE_WATERPROOFING|QUERY_CODE_COMPLIANCE,High
LL-106,CS-INF-009,PT Tendon Re-Grouting Must Use Epoxy — Not Cement,Connection,Cement grout in re-grouted sleeve showed chloride ingress at 6 months,Portland-cement grout used because it was on-hand; spec called for epoxy,All re-grouted sleeves done with low-viscosity epoxy; chloride test passed,Tendon protection confirmed for 50-year design life,Added-8%,Infrastructure|Commercial|Parking|Any-PT-Repair,STL-ACI-318-20.3,,CD-STL-BP-THICK,,CREATE_CONNECTION|MODIFY_MATERIAL,High
LL-107,CS-INF-009,Expansion-Joint Replacement Must Be Done Dry — Seal Both Faces,Flashing,New expansion joint leaked because one face was wet during sealant application,Sealant applied in rain; one face still damp,All joint faces dried with heat gun; sealant applied in dry weather window,Joint sealed at 100% adhesion; zero leak at 12-month flood test,Neutral,Infrastructure|Commercial|Any-Expansion-Joint|Repair,,,CD-FL-EXP-JT-LEN,,CREATE_EXPANSION_JOINT|MODIFY_MATERIAL,Medium
LL-108,CS-INF-010,Sea-Wall Sacrificial Anode Must Be 25mm From Concrete Face,Connection,Anode bonded directly to concrete; galvanic current did not flow,Anode touching concrete surface; epoxy coating between them blocked current,Anode mounted 25mm from face on steel bracket; wire connection through concrete,Cathodic protection current confirmed at 0.9 V; design life 40 years,Neutral,Infrastructure|Marine|Coastal|Seawall,STL-AISC-J3.1,CON-STL-020,,,CREATE_CONNECTION|MODIFY_MATERIAL,High
LL-109,CS-INF-010,30mm Rebar Cover Is Minimum for Marine Splash Zone,Structural,20mm cover rebar at tidal zone corroded through in 4 years,Generic 20mm cover from inland code used,All splash-zone reinforcement set at 40mm cover with epoxy coating,Chloride penetration at 10 years: below threshold; design life 60 years,Added-10%,Infrastructure|Marine|Coastal|Seawall,STL-ACI-318-20.3,,,,CREATE_FOUNDATION|CREATE_WALL,High
LL-110,CS-INF-011,Root-Resistant Membrane Is Essential Under Any Planted Roof,Waterproofing,Plant roots penetrated standard EPDM in 18 months; leak into structure,Non-root-resistant EPDM specified because it was cheaper,Replaced with root-resistant EPDM + copper-foil root barrier layer,Root penetration test passed to FLL standard; membrane intact at 3 years,Added-10%,Infrastructure|Commercial|Residential|Any-Green-Roof,,CON-WP-003,CD-WP-SHEETS-QTY,,CREATE_WATERPROOFING|CREATE_ROOF,High
LL-111,CS-INF-011,Rooftop-Garden Irrigation Leak Must Be Caught at Membrane,Plumbing,Irrigation pipe burst; 2000 litres soaked through substrate before detection,No leak-detection layer between substrate and membrane,Leak-detection layer (conductive mesh) installed under growing medium,Next irrigation fault detected within 30 minutes; zero water reached structure,Added-5%,Infrastructure|Commercial|Residential|Any-Green-Roof,,,CD-WP-DRY-FILM,,CREATE_PIPE|CREATE_WATERPROOFING,High
LL-112,CS-INF-012,Coastal Pile Cathodic Protection Must Be at Pile Head,Waterproofing,Pile-head corrosion visible at 3 years despite anode on shaft,Anode placed at mid-height of pile; splash-zone at head unprotected,Anode relocated to pile-head cap; additional anode added in splash zone,Pile-head potential at -0.95 V; design life 40 years confirmed,Added-7%,Infrastructure|Marine|Coastal|Pile,STL-ACI-318-20.3,,,,CREATE_FOUNDATION|CREATE_WATERPROOFING,High
LL-113,CS-INF-012,Pile-Cap Epoxy Membrane Must Cure 48hrs Before Load,Waterproofing,Pile cap membrane cracked when pile load applied at 24-hour cure,Crane schedule did not allow 48-hour cure before load application,Construction sequence adjusted; all pile caps membrane-cured 48hrs before load,Zero membrane cracking; inspection passed at full design load,Neutral,Infrastructure|Marine|Commercial|Any-Pile-Cap,,CON-WP-002,CD-WP-DRY-FILM,,CREATE_WATERPROOFING|CREATE_FOUNDATION,Medium
LL-114,CS-INF-013,Wind-Turbine Anchor-Bolt Pre-Stress Must Be Verified Post-Grout,Connection,Two bolts showed less than 70% pre-stress after grout cured,Bolts torqued before grout; grout shrinkage relaxed tension,All bolts re-torqued 48hrs post-grout; LFRP coating verified undamaged,Pre-stress at 95% of design for all 36 bolts; certification achieved,Neutral,Infrastructure|Renewable|Wind|Any-Tower,STL-AISC-J3.4,CON-STL-018,CD-FND-ANCHOR-SPG,,CREATE_CONNECTION|QUERY_CAPACITY,High
LL-115,CS-INF-013,Ring-Foundation Rebar Cage Must Be Lifted as Single Unit,Structural,Cage spliced on-site with 30 lap joints; two splices failed inspection,Cage too large for transport; fabricated in 4 segments on-site,Cage fabricated off-site in 2 segments with factory-welded splices; lifted by crane,Zero splice failures; pour proceeded without delay,Saved-10%,Infrastructure|Renewable|Wind|Any-Large-Foundation,STL-ACI-318-20.3,,CD-FND-ANCHOR-QTY,,CREATE_FOUNDATION|CREATE_CONNECTION,High
LL-116,CS-RES-019,Laterite Soil Stabilisation Avoids Foundation Failure,Structural,Initial strip footing on raw laterite soil settled 22 mm after first wet season,Laterite clay fraction 35% undetected; no soil stabilisation specified,Added 10% cement stabilisation to footing pour; extended footing width to 450mm; re-graded drainage,Zero additional settlement at 6-month inspection; KCCA sign-off first attempt,Added-8%,Residential|Uganda|Tropical|Any-Strip-Footing,DR-IBC-007,,CD-FND-ANCHOR-SPG,,CREATE_FOUNDATION|QUERY_CAPACITY,High
LL-117,CS-RES-019,Ridge Ventilator Sizing Must Match Roof Area Ratio,MEP,Upper-floor bedrooms 4°C above ambient at noon; condensation on ceilings at night,Ridge ventilators sized generically; actual roof plan area ratio was 1:18 not required 1:10,Replaced 2 standard ventilators with 4 louvre-type at 1:10 ratio; added eave inlet vents,Upper-floor temperature dropped to 1.5°C above ambient; condensation eliminated,Added-4%,Residential|Tropical|Any-Pitched-Roof,,,,,CREATE_ROOF|MODIFY_DIMENSION|QUERY_VENTILATION,High
LL-118,CS-COM-015,Kampala Flash-Flood Barrier Must Be 200 mm Minimum,Waterproofing,Ground-floor retail flooded in 120-minute rainfall event; 80 mm of water ingress,Original barrier height 100 mm based on generic spec; local 1-in-5-yr event is 200 mm,Raised barrier to 200 mm with reinforced concrete lip; added French drain with 300 mm gravel bed,Zero ingress in subsequent 180-minute event; insurance claim avoided,Saved-35%,Commercial|Uganda|Tropical|Urban-Flood-Risk,,CON-WP-001,CD-WP-DRY-FILM,,CREATE_WATERPROOFING|MODIFY_DIMENSION,High
LL-119,CS-COM-015,Roof-Garden Substrate Depth Controls Heat-Island Delta,Envelope,Roof surface 55°C in dry season; floor below roof 38°C without insulation,Waterproof membrane specified without substrate insulation or vegetation layer,Added 150 mm expanded clay substrate + sedum; measured membrane surface at 38°C post-install,Floor below roof dropped to 28°C; energy saving on ceiling fans 22%,Saved-22%,Commercial|Tropical|Any-Flat-Roof,,,FL-HEAT-LOSS,ASSY-EXT-002,CREATE_WATERPROOFING|MODIFY_ROOF_TYPE|QUERY_ENERGY_EFFICIENCY,High
LL-120,CS-INS-011,Operating-Theatre ACH 12 Needs Pre-Cooled Supply Air,MEP,Split-system could not achieve 12 ACH at 22°C; room stayed at 28°C,System sized on ambient air; tropical intake temperature 34°C overwhelmed cooling coil,Added evaporative-pad pre-cooler reducing intake to 28°C; upsized supply fan 40%,Room temperature 22°C sustained; infection-control audit passed,Added-15%,Institutional|Healthcare|Tropical|Any-Operating-Theatre,FL-ASHRAE-90.1-C,,,,CREATE_PIPE|MODIFY_DIMENSION|QUERY_VENTILATION,High
LL-121,CS-INS-011,DPC Under Slab Alone Does Not Stop Termite Intrusion,Structural,Termites breached DPC at slab edge within 8 months; visible trail on wall,Only DPC sheet specified; no chemical or physical termite barrier at perimeter,Installed physical termite barrier (stainless mesh 0.5 mm aperture) at all slab edges + perimeter spray,Zero termite breach at 18-month inspection; NEMA pest-control record filed,Added-6%,Institutional|Residential|Uganda|Any-Slab-on-Ground,,,,,CREATE_FOUNDATION|MODIFY_MATERIAL,High
LL-122,CS-INF-014,Splash-Zone Membrane Needs UV-Stable Top-Coat,Waterproofing,Bituminous membrane above water line blistered and peeled within 6 months,Standard bituminous sheet has no UV resistance; equatorial radiation >6 kWh/m²/day,Applied UV-stable polyurethane top-coat 1.5 mm over all exposed membrane above water line,Zero peeling at 18-month inspection; membrane adhesion test >2 MPa,Added-9%,Infrastructure|Marine|Tropical|Any-Splash-Zone,,CON-WP-001,CD-WP-DRY-FILM,,CREATE_WATERPROOFING|MODIFY_MATERIAL,High
LL-123,CS-INF-014,Lake-Water Fluctuation Demands Extended Membrane Overlap,Flashing,Membrane terminated at average high-water mark; 0.4 m annual fluctuation exposed bare concrete,Termination point set to mean water level not maximum observed level,Extended membrane 800 mm above maximum observed water mark; capped with metal termination bar,Zero water intrusion during highest lake level in 20 years,Neutral,Infrastructure|Marine|Any-Variable-Water-Level,,CON-FL-001,,,CREATE_FLASHING|MODIFY_DIMENSION,High
LL-124,CS-INF-015,Battery-Room Ventilation Must Offset Equatorial Heat Gain,MEP,Battery inverter room reached 48°C; inverter thermal shutdown after 4 hours peak sun,Ventilation designed for temperate climate; solar gain through east-facing louvres not calculated,Re-oriented louvres to north; added evaporative-pad inlet; increased ACH from 4 to 8,Room held at 34°C during peak; zero inverter shutdown in 3-month test,Added-7%,Infrastructure|Renewable|Tropical|Any-Equipment-Room,FL-ASHRAE-90.1-C,,,,CREATE_WALL|MODIFY_DIMENSION|QUERY_VENTILATION,Medium
LL-125,CS-INF-015,Lightning Arrester Must Be Commissioned Before Grid Tie,Connection,Grid-tie commissioning delayed because lightning-protection certificate not yet issued,Lightning-arrester installation and earth-resistance test scheduled after UMEME commissioning date,Moved lightning-protection work to critical path; earth-resistance test completed 2 weeks before grid-tie,Zero delay at UMEME commissioning; system energised on schedule,Saved-12%,Infrastructure|Renewable|Uganda|Any-Grid-Tie,,,,,CREATE_CONNECTION|QUERY_EARTHING,High
