ProjectId,ProjectName,Category,SubCategory,Region,Year,FloorArea_M2,Stories,StructureType,FoundationType,WallSystems,RoofType,KeyFeatures,Codes_Applied,Challenges,Solutions,CostPerM2_USD,SustainabilityRating,AIIntents_Used,AIEntities_Used,Description
CS-RES-001,Lakeside Family Residence,Residential,Single-Family,USA,2022,320,2,Wood-Frame,Strip-Foundation,Exterior Wood 2x6 R-20|Interior 2x4 R-13,Pitched Gable 7:12,Open-plan living|Passive solar orientation|Radiant floor heating,IRC 2021|IBC 2021|IECC 2021,Shallow clay soil required engineered foundation|Wind zone 130 mph,Engineered geo-grid footings|Hurricane ties H4 at every rafter,285,Green-Star-3,CREATE_ROOM|CREATE_WALL|CREATE_CONNECTION|QUERY_R_VALUE|MODIFY_INSULATION,living room|bedroom|exterior wall|hurricane tie|R-value,Two-storey wood-frame family home with passive-solar layout and radiant-floor heating in a lakeside setting.
CS-RES-002,Urban Townhouse,Residential,Townhouse,UK,2023,180,3,Masonry,Concrete-Strip,Exterior Brick|Party Wall STC-55|Interior Plasterboard,Pitched Hip 6:12,Party-wall agreement|Roof-terrace level 3|Underfloor heating,Building Regs 2021|BS 8103|EN 1992,Party-wall STC target 55|Narrow 4.2m frontage|Zero-lot boundary,Upgraded party wall to 215mm brick + 100mm insulated plasterboard|Efficient staircase layout,420,EPC-B,CREATE_WALL|MODIFY_ACOUSTIC_RATING|CREATE_STAIRCASE|QUERY_SOUND_RATING,party wall|STC|staircase|masonry,Three-storey urban townhouse with party-wall STC-55 and roof terrace in a zero-lot street.
CS-RES-003,Accessible Single-Storey Bungalow,Residential,Accessible,USA,2021,210,1,Wood-Frame,Slab-on-Grade,Exterior 2x6 R-20|Interior 2x4 R-13,Flat Low-Slope 2:12,ADA-compliant throughout|Zero-threshold doors|Roll-in shower|Wider corridors 1.8m,ADA 2010|IRC 2021|Fair Housing Act,All rooms on one level|Zero-step entry|Grab bars structural backing,Blocking installed in all wet walls at framing|Pocket doors at every room,310,Green-Star-3,CREATE_DOOR_TYPED|QUERY_ACCESSIBILITY|CREATE_SHOWER|MODIFY_WIDTH,pocket door|ADA|shower|accessibility|hallway,Single-storey ADA-accessible bungalow with roll-in shower and zero-threshold entries throughout.
CS-RES-004,Net-Zero Energy House,Residential,High-Performance,USA,2023,260,2,Wood-Frame,Slab-on-Grade-Insulated,Exterior SIPs R-36|Interior 2x4 R-15,Pitched Gable 8:12 Metal,PV array 12.5 kW|Triple-glaze windows|ERV ventilation|Air-tight envelope <1 ACH50,IECC 2021|IRC 2021|CA Title 24,Achieving <1 ACH50 airtight target|Thermal bridging at SIPs splines,Blower-door test at framing; foam-seal all penetrations|Timber-spline SIPs joints,380,Living-Building-Petals-3,CREATE_WINDOW_TYPED|MODIFY_INSULATION|QUERY_R_VALUE|QUERY_ENERGY_EFFICIENCY,triple-glaze|SIPs|R-value|insulation|energy efficiency,Net-zero carbon residence with SIPs envelope achieving sub-1 ACH50 airtightness and 12.5 kW PV.
CS-RES-005,Coastal Hurricane-Resistant Villa,Residential,Hurricane-Zone,USA,2022,400,2,Steel-Frame,Pile-Foundation,Exterior Steel Panels|Impact-Resistant Windows|Interior Steel Studs,Hip Roof 5:12 Metal,Impact-rated glazing Cat-5|Steel moment frames|Elevated structure 2.4m,FBC 2020|ASCE 7-22|FEMA guidelines,150 mph wind zone|Storm-surge flood risk|Coastal salt-air corrosion,Pile foundation 1.8m embedment|Welded moment frames at all corners|Marine-grade coatings,620,LEED-Gold,CREATE_CONNECTION|CREATE_FOUNDATION|MODIFY_WINDOW_GLAZING|QUERY_WIND_LOAD,moment frame|pile foundation|impact-rated glazing|wind load|hurricane tie,Elevated steel-frame coastal villa engineered for Cat-5 hurricanes with impact-rated glazing and pile foundation.
CS-RES-006,Timber Barn Conversion,Residential,Conversion,UK,2022,240,2,Timber-Frame,Existing-Stone,Original Timber Frame|New Insulated Panels|Glass Partition Walls,Existing Slate Pitched 6:12,Exposed timber vaults|Mezzanine gallery|Underfloor heating|Skylights × 6,Building Regs 2021|Listed Building Consent|Party Wall Act,Preserving Grade-II listed structure|Thermal upgrade without altering character,Slim internal insulation panels (50mm PIR)|Skylights inserted in new dormers,350,EPC-C,CREATE_SKYLIGHT|MODIFY_MATERIAL|QUERY_FIRE_RATING|CREATE_WINDOW_TYPED,skylight|timber|insulation|listed building|slate roof,Sympathetic conversion of a Grade-II listed timber barn into a two-level residence with mezzanine gallery.
CS-RES-007,Earthquake-Resistant House,Residential,Seismic,USA,2023,280,2,Wood-Frame,Reinforced-Concrete-Perimeter,Exterior 2x6|Shear Walls Plywood|Interior 2x4,Pitched Gable 6:12,Shear-wall panels all perimeter|Hold-downs HD15 at corners|Base isolation dampers,IBC 2021|ASCE 7-22|CBC 2022|UBC,Zone 4 seismic region|Soft-soil amplification|Irregular floor plan,Plywood shear panels on all exterior walls|HD15 hold-downs every 1.8m|Engineered soil report,340,Green-Star-2,CREATE_CONNECTION|CREATE_WALL|QUERY_CAPACITY|MODIFY_MATERIAL,shear wall|hold down|HD15|seismic zone|reinforcement,Seismic-Zone-4 wood-frame residence with full-perimeter plywood shear walls and HD15 hold-downs.
CS-RES-008,Basement Waterproofing Retrofit,Residential,Retrofit,USA,2021,150,1,Wood-Frame,Existing-Concrete-Block,Existing Block Wall|Liquid WP Inner|Drain Board|Dimple Mat,N/A-No-Roof-Change,Full basement waterproofing|Sump system|French drain perimeter|Dehumidifier,IBC 2021|IRC P603|ASTM D4946,Active water intrusion through cracks|Hydrostatic pressure on block walls,Crack injection + 30-mil polyurethane membrane + HDPE dimple mat + interior French drain,180,N/A,CREATE_WATERPROOFING|QUERY_WATERPROOFING_REQ|MODIFY_MATERIAL,liquid membrane|polyurethane|drain board|dimple mat|waterproofing,"Full-perimeter basement waterproofing retrofit using liquid membrane, dimple mat, and French drain system."
CS-RES-009,Passive House Villa,Residential,Passive-House,Germany,2023,300,2,Timber-Frame,Strip-Foundation,Exterior SIPS R-40|Triple Glaze|Minimal Thermal Bridges,Flat Green Roof 0:12,U-value 0.10 W/m²K envelope|PHPP certified|HRV 90% efficiency|Rainwater harvesting,PHPP|EnEV|DIN 4108|Building Permit Bavaria,Zero-thermal-bridge detailing|Airtight at <0.6 ACH50|Flat-roof green load,Continuous vapour barrier at every joint|Triple-seal window installation detail|Green roof ballast engineering,420,Passive-House-Certified,CREATE_WINDOW_TYPED|MODIFY_INSULATION|QUERY_R_VALUE|CREATE_ROOF,triple-glaze|R-value|insulation|green roof|thermal conductivity,"PHPP-certified Passive House with U-value 0.10 envelope, HRV, and extensive green roof."
CS-RES-010,Loft Conversion with Dormers,Residential,Conversion,UK,2022,50,1,Timber-Rafter,Existing-Timber,New Dormer Walls|Insulated Rafter|Velux Skylights,Existing Pitched 7:12 + Dormers,Two shed dormers|Three Velux skylights|Ensuite bathroom|Hip-rafter engineering,Building Regs 2021|CDM 2015|Fire Safety,Existing 6x6 rafters undersized for insulation|Egress window sizing|Fire separation to stair,New 2x10 rafters at 400mm spacing|Dormer windows to 1.8m² minimum|Fire-rated door to stair,480,EPC-D,CREATE_SKYLIGHT|CREATE_WINDOW_TYPED|CREATE_FLASHING|QUERY_FIRE_RATING,skylight|dormer|step flashing|fire door|fire rating,"Full loft conversion with two shed dormers, Velux skylights, and fire-rated stair separation."
CS-RES-011,Desert Passive-Cooling House,Residential,Passive-Cooling,UAE,2023,450,2,Concrete-Block,Raft-Foundation,Exterior 200mm Concrete + 80mm EPS|Thermal Mass|Small Windows North,Flat Roof Insulated 12-Inch,Night-ventilation strategy|Thermal mass walls|Courtyard with fountain|Earth-tube cooling,UAE Building Code|ASHRAE 90.1|Local Municipality,Extreme heat 50°C|Solar gain minimisation|Dust storm protection,Courtyard microclimate reduces indoor temperature 8°C|Earth tubes pre-cool intake air,360,LEED-Silver,CREATE_ROOM|MODIFY_INSULATION|QUERY_HVAC_LOAD|CREATE_WINDOW_TYPED,thermal mass|concrete|courtyard|insulation|earth tube,"Desert passive-cooling villa using thermal-mass walls, earth-tube pre-cooling, and courtyard microclimate."
CS-RES-012,Modular Off-Site Manufactured Home,Residential,Modular,USA,2023,195,2,Wood-Frame-Modular,Concrete-Pier,Factory SIPs Modules|Bolted Connections On-Site|Insulated Skirting,Pitched Gable 5:12,12 modules pre-built|On-site assembly 5 days|BIM-to-fabrication workflow,IRC 2021|HUD Code|State Modular,Module transport width limits (14ft)|Crane access on narrow lot|Weather-seal joints,Optimised 14ft-2in module width|Temporary crane pad engineered|Butyl tape + compression seals,220,Green-Star-2,CREATE_CONNECTION|CREATE_WALL|EXPORT_IFC|QUERY_CODE_COMPLIANCE,modular|bolt|connection|SIPs|code compliance,Factory-built modular home assembled on-site in five days with BIM-to-fabrication workflow and IFC export.
CS-RES-013,Fire-Resistant Wildfire-Zone Home,Residential,Fire-Resistant,USA,2022,350,2,Steel-Frame,Concrete-Slab,Non-Combustible Fiber-Cement|Steel Studs|Metal Roof,Hip Roof Metal Standing-Seam,Class-A roof and walls|Enclosed eaves|Non-combustible decking|Fire-resistant landscaping,IBC 2021|California Fire Code|WUI Standards,WUI wildland-urban interface zone|Ember intrusion at vents|Radiant-heat exposure,All vents screened with 1/16in mesh|Metal soffits|Concrete foundation wall to 6ft,480,LEED-Gold,CREATE_FLASHING|QUERY_FIRE_RATING|MODIFY_ROOF_MATERIAL|CREATE_SMOKE_DETECTOR,fire rating|metal roof|fiber cement|smoke detector|vent boot,"WUI wildfire-resistant home with Class-A envelope, enclosed eaves, and ember-proof ventilation."
CS-RES-014,Hillside Retaining-Wall House,Residential,Hillside,USA,2021,290,3,Wood-Frame|Concrete-Below,Concrete-Wall,Concrete Retaining Walls Below|Wood Frame Above|Waterproof Basement,Pitched Gable 6:12,Concrete retaining walls 2m height|Hillside walkout basement|Drainage plane|French drain,IBC 2021|IRC 2021|Geotechnical Report,8ft concrete retaining walls|Soil pressure 400 psf lateral|Waterproofing below grade,Cantilevered retaining walls with 12in concrete|Full EPDM waterproofing|Drain board + French drain,370,Green-Star-2,CREATE_WATERPROOFING|CREATE_FLASHING|QUERY_CAPACITY|CREATE_FOUNDATION,retaining wall|EPDM|drain board|foundation|concrete,Hillside three-level home with 2m cantilevered concrete retaining walls and full below-grade waterproofing.
CS-RES-015,Victorian House Full Renovation,Residential,Renovation,UK,2023,220,3,Existing-Masonry,Existing-Brick,Original Brick Facade|New Internal Insulation 50mm|Sash Window Restoration,Original Slate Pitched 7:12 + Lead Flashing,Sash windows restored to original|Lead flashing replaced|Combi boiler|Smart-home integration,Building Regs 2021|Conservation Area|Lead-sheet BS EN 1468,Conservation-area constraints|Single-leaf brick thermal upgrade|Lead-sheet flashing life-cycle,Internal PIR insulation with vapour barrier|New lead flashing to BS EN 1468|Mechanical-limed plaster over insulation,510,EPC-D,CREATE_FLASHING|MODIFY_MATERIAL|MODIFY_WINDOW_GLAZING|QUERY_CODE_COMPLIANCE,lead flashing|sash window|insulation|conservation|lead sheet,Full renovation of a Victorian terraced house preserving sash windows and replacing lead flashing to code.
CS-RES-016,Zero-Carbon Social-Housing Block,Residential,Social-Housing,UK,2023,1200,4,Timber-CLT,Concrete-Raft,CLT Panels|Sprayed Foam R-30|Aluminium-Clad Windows,Flat Green Roof Sedum,22 units|Communal heat pump|Solar panels 40 kW|MVHR per unit|Rainwater harvesting,Building Regs 2021|BREEAM|Passive-House-As-Delivered|BS 9999,Fire-safety for CLT above 2 stories|Acoustic separation between flats|Thermal bridging at CLT junctions,Sprayed membrane on all CLT edges|Acoustic-grade party floors STC 56|Insulated concrete edge beams,310,BREEAM-Outstanding,CREATE_WALL|MODIFY_ACOUSTIC_RATING|CREATE_ROOF|QUERY_FIRE_RATING|EXPORT_IFC,CLT|party wall|STC|green roof|acoustic|fire rating,Four-storey CLT social-housing block achieving BREEAM Outstanding with communal heat pump and 40 kW PV.
CS-RES-017,Accessible Ageing-In-Place Home,Residential,Accessible,USA,2022,250,1,Wood-Frame,Slab-on-Grade,Exterior 2x6|Wide Doorways 900mm|Blocking in Wet Walls,Pitched Gable 5:12,Lever handles throughout|Zero-step shower|Blocking for future grab bars|Single-storey|Smart-lighting,ADA 2010|Fair Housing|IRC 2021,Future-proofing for mobility aids|Blocking concealment during framing,Blocking schedule drawn and inspected at framing|36in doorways all interior|Shower with built-in seat,320,Green-Star-2,CREATE_SHOWER|CREATE_DOOR_TYPED|QUERY_ACCESSIBILITY|MODIFY_DOOR_HARDWARE,accessible|shower|lever handle|blocking|ADA|zero-step,"Single-storey ageing-in-place home with ADA features, lever handles, and concealed blocking for future grab bars."
CS-RES-018,Tropical Rainwater-Harvesting House,Residential,Tropical,Singapore,2022,280,2,Reinforced-Concrete,Pile-Cap,Concrete Walls|Louvred Ventilation|Rainwater Roof Catchment,Pitched Gable 5:12 Metal,15000L rainwater tank|Natural ventilation louvers|Elevated structure|Green-wall facade,Singapore Building Code|SS 345|Local Env Agency,High humidity condensation|Flood-risk ground level|Pest-proof ventilation,Elevated 1.2m on piles|Ventilation louvers with insect mesh|UV-resistant PE tank,400,Green-Mark-Platinum,CREATE_PIPE|CREATE_WATERPROOFING|QUERY_VENTILATION|CREATE_FOUNDATION,rainwater|pipe|ventilation|pile foundation|tropical|louvre,Tropical home elevated on piles with 15 000-litre rainwater harvesting and natural-ventilation louvers.
CS-COM-001,5-Storey Glass-Curtain-Wall Office,Commercial,Office,USA,2023,4500,5,Steel-Frame,Concrete-Mat,Steel Moment Frame|Curtain Wall Unitised|Interior Steel Studs,Flat Roof TPO,Curtain-wall unitised system|Open-plan floor plates|Raised access floor|Rooftop plant room,IBC 2021|ASHRAE 90.1|ASCE 7-22,Wind uplift on curtain wall 4.2 kPa|Seismic drift limit L/200|Thermal bridging at spandrel,Engineered mullion anchors at 2400mm grid|Base isolation at grade|Spandrel with foam core + IR film,520,LEED-Gold,CREATE_WALL|CREATE_CONNECTION|QUERY_WIND_LOAD|CREATE_WATERPROOFING,curtain wall|moment frame|wind load|TPO membrane|spandrel,"Five-storey steel-frame office with unitised curtain wall, base isolation, and TPO waterproofed flat roof."
CS-COM-002,Retail Shopping Centre Ground Floor,Commercial,Retail,USA,2022,3200,1,Steel-Frame,Concrete-Slab,Tilt-Up Concrete Panels|Steel Frame|Skylights 3%|Drop Ceiling,Flat Roof TPO + Metal Parapet,8 retail units|Loading dock|Sprinkler system|Parapet cap flashing,IBC 2021|NFPA 13|Fire Code,Flat-roof ponding water|Sprinkler-system design 0.15 gpm/sqft|Parapet wind uplift,1.5% roof slope to interior drain|Full sprinkler with fire-alarm integration|Coping cap with counter flashing,280,LEED-Silver,CREATE_FLASHING|CREATE_SPRINKLER|QUERY_FIRE_RATING|CREATE_ROOF,parapet cap|coping|sprinkler|TPO|fire rating|retail,"Single-storey steel-frame retail centre with tilt-up concrete, full sprinkler system, and parapet flashing."
CS-COM-003,Medical Clinic Single-Storey,Commercial,Healthcare,USA,2023,1800,1,Steel-Frame,Concrete-Slab,Exterior Steel + Brick Veneer|Interior Washable Panels|Sealed Floors,Flat Roof TPO + Green Section,Infection-control zones|Washable surfaces|Pressurised corridors|Accessible bathrooms,IBC 2021|NFPA 101|FGI Guidelines|ADA 2010,Infection-control airflow separation|Plumbing fixture-unit peak demand|ADA in all clinical areas,Pressurised corridor to treatment rooms|Low-flow fixtures throughout|Continuous blocking for grab bars,480,Green-Star-3,CREATE_SINK|CREATE_SHOWER|QUERY_ACCESSIBILITY|QUERY_VENTILATION|QUERY_FIXTURE_UNITS,sink|accessible|fixture units|infection control|washable|ventilation,"Single-storey medical clinic with infection-control zoning, pressurised corridors, and full ADA compliance."
CS-COM-004,Warehouse with Mezzanine,Commercial,Industrial,USA,2022,6000,1,Steel-PEB,Concrete-Slab-6in,Metal-Deck Walls|Steel Mezzanine 40%|Insulated Metal Panel,Pitched Gable Metal 3:12,Pre-engineered steel building|40% mezzanine floor|Sprinkler ESFR|LED lighting 0.5 W/sqft,IBC 2021|NFPA 13|Factory Mutual|Fire Marshal,ESFR sprinkler system selection|Mezzanine structural connection to PEB frame|Slab flatness FF 35,Mezzanine beams welded to main PEB columns|ESFR design at 1.2 gpm/sqft|Laser-levelled slab,160,LEED-Silver,CREATE_BEAM|CREATE_CONNECTION|CREATE_SPRINKLER|QUERY_CAPACITY,mezzanine|steel beam|sprinkler|ESFR|warehouse|welded connection,6 000 m² pre-engineered steel warehouse with 40% mezzanine and ESFR sprinkler system.
CS-COM-005,Multi-Storey Car Park,Commercial,Parking,USA,2021,8000,4,Precast-Concrete,Concrete-Pad,Precast Concrete Panels|Post-Tensioned Slabs|Open Stairwells,Flat Roof Exposed Concrete,Precast-panel-to-panel connections|Post-tensioned slab 200mm|Open fire stairs|Drainage waterproofing,IBC 2021|ACI 318|PCI Design Handbook,Post-tension tendon routing|Open-air fire-stair classification|Roof waterproofing high-traffic,Grouted sleeve connections with shear pins|Epoxy-coated tendons|Sheet membrane + wear course,200,N/A,CREATE_CONNECTION|CREATE_WATERPROOFING|CREATE_PIPE|QUERY_CAPACITY,precast|post-tension|sheet membrane|wear course|parking|concrete,Four-storey precast concrete car park with post-tensioned slabs and waterproofed roof deck.
CS-COM-006,Hotel Boutique 4-Storey,Commercial,Hospitality,UK,2023,2800,4,Steel-Frame,Concrete-Pile,Brick Veneer Facade|Curtain Wall Entrance|Fire-Rated Partitions|Sprinkler All Floors,Flat Roof Waterproof Membrane,32 rooms|1hr fire-rated partitions|Sprinkler throughout|Restaurant ground floor|Plant room rooftop,Building Regs 2021|BS 9999|BS 7974|CIBSE,Fire separation between guest floors|Acoustic between rooms STC 52|Sprinkler concealed heads in finished ceilings,60-min fire-rated wall/floor assemblies|Rockwool SLab between floors|Concealed sprinklers in false ceiling,550,BREEAM-Very-Good,CREATE_WALL|CREATE_SPRINKLER|MODIFY_ACOUSTIC_RATING|QUERY_FIRE_RATING,fire door|fire wall|sprinkler|party wall|STC|acoustic,"Four-storey boutique hotel with 1-hour fire-rated partitions, concealed sprinklers, and STC-52 party walls."
CS-COM-007,Supermarket Warehouse Loading Dock,Commercial,Industrial,USA,2022,4200,1,Steel-Tilt-Up,Concrete-Slab-8in,Tilt-Up Concrete 200mm|Steel Frame|Dock Levellers × 6|Expansion Joints,Flat Roof TPO,6 loading docks|Expansion joints every 30m|Concrete slab 8in|Sprinkler ESFR,IBC 2021|NFPA 13|FM Global|ACI 318,Slab-crack control joints spacing|Dock-door weather seal|Thermal expansion in 30m bay,Expansion joint covers at 30m intervals|Foam-seal + compression header|Control joints at 4.5m grid,170,N/A,CREATE_EXPANSION_JOINT|CREATE_FLASHING|CREATE_SPRINKLER|QUERY_CODE_COMPLIANCE,expansion joint|dock|TPO|sprinkler|slab|tilt-up,"4 200 m² tilt-up supermarket warehouse with six loading docks, 30 m expansion joints, and ESFR sprinkler."
CS-COM-008,Office Fit-Out With New Partitions,Commercial,Office-Fitout,USA,2023,900,1,Existing-Steel,Existing-Concrete,New Demountable Glass Partitions|Raised Access Floor|Modular Ceiling|New MEP Branches,Existing-Flat-Roof,Modular glass partition system|Raised-floor power+data|Plug-and-play MEP|Acoustic-rated meeting rooms STC 45,IBC 2021|ASHRAE 62.1|ADA 2010,Acoustic separation of meeting rooms|Raised-floor grid alignment|ADA-compliant restrooms,Acoustic-rated partition with STC 45 and gasketed frames|Floor grid surveyed and aligned|Restrooms to ADA 2010,240,LEED-Silver,CREATE_WALL|MODIFY_ACOUSTIC_RATING|CREATE_OUTLET|QUERY_VENTILATION,glass partition|raised floor|acoustic|outlet|STC|demountable,"Office fit-out with demountable glass partitions, acoustic-rated meeting rooms, and raised-floor power distribution."
CS-COM-009,Restaurant Kitchen Waterproofing,Commercial,Food-Service,USA,2022,180,1,Steel-Frame,Concrete-Slab,Tiled Walls|Epoxy Floor|Waterproof Membrane Under Tile|Grease Trap Plumbing,Existing-Flat-Roof,Commercial kitchen waterproofing|Epoxy-coated floor|Grease-trap plumbing|Hood exhaust ductwork,IBC 2021|Health Code|NFPA 96|NSF,Epoxy floor slip-resistance in wet kitchen|Waterproof under tile to contain grease spill|Grease-trap sizing,Anti-slip epoxy with R12 rating|Full liquid membrane under tile|Grease trap at 3-compartment sink,380,N/A,CREATE_WATERPROOFING|CREATE_PIPE|CREATE_DUCTWORK|MODIFY_FLOOR_TYPE,epoxy floor|liquid membrane|grease trap|ductwork|waterproofing|food service,"Commercial restaurant kitchen with anti-slip epoxy floor, waterproof membrane under tile, and grease-trap plumbing."
CS-COM-010,Data Centre Cooling Fit-Out,Commercial,Technology,USA,2023,600,1,Steel-Frame,Concrete-Slab-12in,Raised Access Floor 450mm|Acoustic-Rated Walls|UPS Room Separation,Flat Roof R-30 Insulated,Hot-aisle/cold-aisle containment|CRAC units × 4|UPS isolated room|Generator backup|Raised floor 450mm,IBC 2021|TIA-942|Uptime-Institute|ASHRAE TC 9.9,Cooling redundancy N+1|Floor vibration <0.5mm|Sealed cable routes to prevent air bypass,Raised floor 450mm with perforated tiles|Sealed cable trays in floor void|Separate UPS room with 2hr fire rating,720,N/A,CREATE_ROOM|CREATE_WALL|QUERY_FIRE_RATING|CREATE_DUCTWORK|MODIFY_DIMENSION,raised floor|UPS|fire rating|CRAC|data centre|acoustic,"Single-storey data centre fit-out with 450mm raised floor, hot/cold-aisle containment, and N+1 cooling redundancy."
CS-COM-011,School Assembly Hall,Commercial,Education,UK,2023,1400,1,Steel-Portal-Frame,Concrete-Slab,Steel Portal Frame|Acoustic Ceiling|Acoustic Wall Lining|Sprinkler,Pitched Gable Metal 5:12,500-person capacity|Acoustic reverberation 1.2s|Sprinkler concealed|Natural ventilation louvre system,Building Regs 2021|BB100 Acoustics|BS 9999|CIBSE,Acoustic reverberation target 1.2s|Natural-ventilation noise limit|Fire-escape travel distance,Suspended acoustic ceiling 50mm mineral wool|Louvre with acoustic baffles|Fire exits at 30m max travel,340,BREEAM-Very-Good,CREATE_WALL|CREATE_FLASHING|QUERY_VENTILATION|CREATE_SMOKE_DETECTOR,acoustic|assembly|portal frame|ventilation|louvre|sprinkler,Steel-portal-frame school assembly hall with 1.2-second reverberation and natural-ventilation acoustic louvres.
CS-COM-012,Gym & Sports Centre,Commercial,Sports,USA,2022,2200,1,Steel-Frame,Concrete-Slab-6in,Polished-Concrete|Rubber Floor Sports|Exposed Steel|High-Bay Lighting,Pitched Gable Metal 5:12,High-bay LED 500 lux|Rubber-floor sports courts|Polished concrete lobby|Sprinkler FM-Global,IBC 2021|NFPA 13|ASTM F1292,Rubber-floor impact rating ASTM F1292|High-bay lighting uniformity 0.7|Sprinkler clearance 3.7m,Elastomeric rubber at 12mm impact-absorbing|High-bay LED at 5m grid 0.8 uniformity|Concealed sprinkler at 3.7m,260,LEED-Silver,CREATE_LIGHTING|MODIFY_FLOOR_TYPE|CREATE_SPRINKLER|QUERY_LIGHTING_LEVEL,rubber floor|high-bay|sports|sprinkler|LED|polished concrete,"Single-storey steel-frame sports centre with ASTM-rated rubber courts, high-bay LED, and FM-Global sprinkler."
CS-COM-013,Commercial Kitchen Plumbing Sizing,Commercial,Food-Service,USA,2023,220,1,Steel-Frame,Concrete-Slab,Commercial Kitchen|3-Comp Sink|Grease Trap|Ice Machine|Dishwasher,Existing-Flat-Roof,Peak-demand plumbing sizing|Grease trap at 50 GPM|3-compartment sink|Fixture-unit total 42 FU,IPC 2021|NSF 3|Health Code|IBC 2021,Peak-demand hot-water calculation|Grease-trap sizing at 50 GPM|Vent-pipe sizing for 42 FU,Water heater 100-gallon commercial gas|2.5in DWV main for 42 FU|Grease trap 50 GPM with oil separator,420,N/A,CREATE_PIPE|QUERY_FIXTURE_UNITS|QUERY_PIPE_SIZE|CREATE_WATER_HEATER,fixture units|pipe size|grease trap|water heater|3-compartment sink|DWV,"Commercial kitchen with 42 FU plumbing sizing, 50 GPM grease trap, and 100-gallon gas water heater."
CS-COM-014,Airport Terminal Expansion Wing,Commercial,Transportation,USA,2022,12000,1,Steel-Long-Span,Concrete-Caisson,Steel-Truss Long-Span 60m|Curtain Wall|Expansion Joints Every 25m|Roof Skylights,Pitched Metal 3:12 + Skylights,60m clear-span steel trusses|Skylights 8% glazing|Expansion joints 25m|Wayfinding lighting|Jet-bridge connections,IBC 2021|FAA|ASCE 7-22|ASHRAE 62.1,60m span deflection control L/360|Expansion-joint movement 150mm|Seismic connection at jet bridge,Box-truss with tuned mass damper|Expansion joints with foam seal + 150mm travel cover|Isolator bearing at jet bridges,580,LEED-Gold,CREATE_BEAM|CREATE_EXPANSION_JOINT|CREATE_FLASHING|CREATE_WINDOW_TYPED|QUERY_CAPACITY,long-span|truss|expansion joint|skylight|curtain wall|caisson,"Airport terminal expansion wing with 60 m clear-span steel trusses, 150 mm expansion joints, and 8% skylight glazing."
CS-INS-001,Primary School Building,Institutional,Education,UK,2023,2600,2,Steel-Frame,Concrete-Raft,Brick Veneer|Steel Frame|Acoustic Partitions|Sprinkler All,Pitched Sedum-Green 4:12,250 pupils|Acoustic classrooms RT 0.6s|Sprinkler throughout|Accessible throughout|Sedum roof,Building Regs 2021|BB100|BS 9999|DfE Standards,Classroom acoustics RT 0.6s|Accessible for 250 pupils|Fire-escape in 2.5 min|Outdoor-play drainage,Acoustic ceiling with T-bar 40mm wool|All classrooms accessible with 900mm doors|Sprinkler + alarm integration,380,BREEAM-Outstanding,CREATE_WALL|CREATE_DOOR_TYPED|CREATE_SMOKE_DETECTOR|QUERY_VENTILATION|QUERY_ACCESSIBILITY,classroom|acoustic|accessible|sprinkler|sedum|fire escape,"Two-storey BREEAM-Outstanding primary school with acoustic classrooms, sedum roof, and full accessibility."
CS-INS-002,University Research Laboratory,Institutional,Education,USA,2023,3200,3,Reinforced-Concrete,Mat-Foundation,Lab-Grade Walls|Fume-Hood Exhaust|Clean-Room Zone|Sprinkler ESFR|Epoxy Floors,Flat Roof Membrane + PV,Fume-hood exhaust 10 ACH|Clean-room ISO 7|Spill-containment floor|Chemical storage|Lab-grade plumbing,IBC 2021|NFPA 30|ASHRAE 62.1|Lab-Safety Standards,Fume-hood exhaust at 10 ACH|Chemical-spill containment|Clean-room air changes 15 ACH,Dedicated exhaust duct per hood|Epoxy floor with 100mm raised sill|HEPA-filtered clean room supply,620,LEED-Gold,CREATE_DUCTWORK|CREATE_PIPE|MODIFY_FLOOR_TYPE|QUERY_VENTILATION|CREATE_WATERPROOFING,fume hood|clean room|epoxy floor|exhaust duct|spill containment|laboratory,"Three-storey university research lab with fume-hood exhaust, clean-room ISO 7, and chemical-spill-containment floors."
CS-INS-003,Hospital Trauma Wing,Institutional,Healthcare,USA,2022,5400,2,Reinforced-Concrete,Pile-Cap,Concrete Shear Walls|Infection-Control Zones|HEPA-Filtered Supply|Pressurised Corridors,Flat Roof R-35,48 trauma bays|Pressurised corridor 2.5 Pa|HEPA supply to ORs|Medical gas piping|Antimicrobial surfaces,FGI 2022|IBC 2021|NFPA 99|ASHRAE 62.1-Healthcare,Infection-control pressure boundaries|Medical gas system sizing|Seismic essential-facility classification,Pressure-differential zones with airlock entries|Modular medical-gas manifold|Post-tensioned slab for seismic-essential,780,LEED-Gold,CREATE_PIPE|CREATE_DUCTWORK|CREATE_WALL|QUERY_VENTILATION|QUERY_ACCESSIBILITY,pressurised corridor|HEPA|medical gas|infection control|shear wall|seismic,"Hospital trauma wing with pressurised infection-control corridors, HEPA-filtered operating rooms, and medical-gas piping."
CS-INS-004,Public Library with Green Roof,Institutional,Public,UK,2022,1800,2,Steel-Frame,Concrete-Slab,Timber-Clad Facade|Steel Frame|Acoustic-Lined Reading Room|Sprinkler,Flat Green Roof Extensive 150mm,Acoustic reading room RT 0.5s|Green roof 150mm extensive|Solar panels 25 kW|Daylight 300 lux natural,Building Regs 2021|BS 8100|CIBSE|LZA,Green-roof ballast load 2.5 kN/m²|Natural-light 300 lux without electric|Acoustic isolation of reading room,Acoustic partition with STC 50 around reading room|Skylights + light shelves for 300 lux|Green-roof engineered substrate,360,BREEAM-Outstanding,CREATE_ROOF|CREATE_SKYLIGHT|MODIFY_ACOUSTIC_RATING|CREATE_LIGHTING,green roof|skylight|acoustic|reading room|library|daylight,"Two-storey public library with 150 mm extensive green roof, natural-daylight skylights, and acoustic reading room."
CS-INS-005,Fire Station,Institutional,Emergency,USA,2022,1400,1,Steel-Frame,Concrete-Slab,Steel Frame|Epoxy Floor Apparatus Bay|Gear Room|Quick-Release Doors|Sprinkler,Flat Roof TPO + Metal Parapet,Apparatus bay with 4 quick-release doors|Gear-room with thermal protection|Sprinkler all areas|Alarm response lighting,IBC 2021|NFPA 1|Fire-Service Standards,Quick-release door operation <5s|Apparatus-bay drainage|Toxic-fume exhaust from bay,Overhead doors 7.5m × 4.2m with electric quick-release|Bay drain with sump and separator|Exhaust fans 8 ACH,400,LEED-Silver,CREATE_DOOR|CREATE_DUCTWORK|CREATE_PIPE|QUERY_VENTILATION|QUERY_FIRE_RATING,apparatus bay|quick-release door|gear room|exhaust duct|fire station|epoxy,"Single-storey fire station with quick-release apparatus doors, toxic-fume exhaust, and full sprinkler coverage."
CS-INS-006,Community Sports Centre with Swimming Pool,Institutional,Sports,UK,2022,3600,1,Steel-Portal,Concrete-Slab-8in,Chlorine-Resistant Tiles|Steel Portal|Waterproof Membrane Pool Surround|Dehumidification,Pitched Metal 3:12,25m pool|Dehumidification 6000 kg/hr|Waterproof surround|Spectator gallery|Changing rooms,Building Regs 2021|PEHE|Sport England|CIBSE,Pool-surround waterproofing with chlorine resistance|Dehumidification humidity 60% RH|Acoustic control in pool hall,Liquid membrane + chlorine-proof tiles + anti-slip|Packaged dehumidifier unit|Acoustic lining on ceiling over pool,440,BREEAM-Very-Good,CREATE_WATERPROOFING|CREATE_PIPE|QUERY_VENTILATION|MODIFY_FLOOR_TYPE,pool|waterproofing|dehumidification|chlorine|tiles|sports centre,"Community sports centre with 25 m pool, chlorine-resistant waterproof surround, and 6 000 kg/hr dehumidification."
CS-INS-007,Military Barracks Residential Block,Institutional,Defence,USA,2021,4800,4,Reinforced-Concrete,Mat-Foundation,Concrete Shear Walls|Blast-Rated Windows|Fire-Rated Partitions|Sprinkler,Flat Roof R-30,200 rooms|Blast-rated glazing|1hr fire-rated partitions|Sprinkler + smoke|IED-standoff distance,UFC 4-205|IBC 2021|NFPA 13|DoD Standards,Blast-overpressure 10 psi|IED stand-off 30m|Fire separation between floors,Blast-resistant curtain-wall panels|Concrete shear walls 300mm|Fire-rated assemblies floor and partition,500,N/A,CREATE_WALL|CREATE_WINDOW_TYPED|QUERY_FIRE_RATING|CREATE_SPRINKLER,blast|shear wall|fire rating|sprinkler|concrete|military,"Four-storey reinforced-concrete military barracks with blast-rated glazing, 300 mm shear walls, and 1-hour fire separation."
CS-INS-008,Museum Exhibition Hall,Institutional,Cultural,UK,2023,2400,1,Steel-Long-Span,Concrete-Raft,Steel Long-Span 45m|Climate-Controlled|UV-Filtered Glazing|Acoustic-Lined,Pitched Metal 3:12 + Lantern Skylights,45m clear span|Climate 20°C 45% RH|UV filter on all glazing|Acoustic RT 1.5s|Lantern skylights diffused,Building Regs 2021|PAS 1081|BS 7974|CIBSE,45m structural span deflection control|UV protection <5% transmission|Temperature stability ±1°C,Box-truss with deflection L/500|Low-e UV-blocking laminated glass in lanterns|Precision HVAC with zone controls,680,BREEAM-Outstanding,CREATE_BEAM|CREATE_SKYLIGHT|CREATE_WINDOW_TYPED|QUERY_VENTILATION|MODIFY_HVAC_SETPOINT,long-span|lantern skylight|UV filter|climate control|museum|truss,"Museum exhibition hall with 45 m clear-span steel truss, UV-filtered lantern skylights, and precision climate control."
CS-INS-009,Correctional Facility Wing,Institutional,Justice,USA,2022,3800,2,Reinforced-Concrete,Mat-Foundation,Concrete All Walls|Security-Glass Partitions|Anti-Ligature Fixtures|Sprinkler,Flat Roof R-25,100 cells|Anti-ligature plumbing|Security-rated glazing|Sprinkler + smoke|Detention-grade hardware,IBC 2021|IPC|ACI 318|DOJ Standards,Anti-ligature fixture design|Security-rated door hardware|Concealed structural elements,Exposed-concrete walls with sealed joints|Anti-ligature sink + toilet + shower combo|Security doors 1hr rated,560,N/A,CREATE_TOILET|CREATE_SINK|CREATE_SHOWER|QUERY_FIRE_RATING|CREATE_DOOR_TYPED,anti-ligature|security|concrete|toilet|sink|shower|detention,Two-storey reinforced-concrete correctional wing with anti-ligature plumbing fixtures and security-rated doors.
CS-INS-010,Public Transport Bus Depot,Institutional,Transport,UK,2022,8000,1,Steel-PEB,Concrete-Slab-8in,Metal Building Envelope|Epoxy Floor|Oil-Water Separator|Fuel Storage|Sprinkler,Pitched Metal 3:12,60-bus capacity|Oil-water separator|Fuel storage bunded|Sprinkler all bays|Exhaust-extraction per bay,Building Regs 2021|COSHH|EA Permit|Health & Safety,Exhaust-extraction per bay|Oil-water separator sizing|Fuel-storage bunding 110%,Exhaust fans 15 ACH per bay|Oil-water separator 100 GPM|Bunded fuel tank room with 110% containment,190,N/A,CREATE_DUCTWORK|CREATE_PIPE|CREATE_WATERPROOFING|CREATE_EXPANSION_JOINT,exhaust duct|oil-water separator|bunding|fuel storage|bus depot|epoxy,"Single-storey steel PEB bus depot for 60 buses with exhaust extraction, oil-water separator, and bunded fuel storage."
CS-INF-001,Bridge Abutment Waterproofing,Infrastructure,Bridge,USA,2022,0,0,Reinforced-Concrete,Concrete-Caisson,Concrete Abutment|Sheet Membrane EPDM|Drain Board|Geotextile,N/A,EPDM sheet membrane on abutment face|Geotextile filter|Drain board|Backfill compaction,AASHTO|ASTM D4541|FHWA,Sheet-membrane adhesion to vertical concrete|Freeze-thaw membrane durability|Backfill damage to membrane,Two-coat primer + bonded EPDM 60mil|Geotextile over drain board|Protective board before backfill,280,N/A,CREATE_WATERPROOFING|CREATE_FOUNDATION|QUERY_CODE_COMPLIANCE,EPDM|abutment|geotextile|drain board|bridge|sheet membrane,"Bridge abutment waterproofing with 60-mil bonded EPDM, geotextile filter, and drain board before backfill."
CS-INF-002,Rooftop Mechanical-Plant Platform,Infrastructure,Rooftop,USA,2023,120,0,Steel-Grating,Existing-Structure,Steel Grating Platform|Vibration Isolators|Waterproof Flashing|Expansion Joints,Flat Roof Existing,HVAC units × 3 on raised platform|Vibration isolators all units|Counter-flashing at penetrations|Expansion joints,IBC 2021|ASHRAE 90.1|Manufacturer Spec,Vibration transmission to occupied floor below|Waterproofing around all penetrations|Platform steel corrosion protection,Elastomeric isolators 6mm deflection|Counter-flash + boot all penetrations|Hot-dip galvanised grating,520,N/A,CREATE_FLASHING|CREATE_EXPANSION_JOINT|CREATE_CONNECTION|MODIFY_HVAC_SETPOINT,counter flashing|vent boot|vibration|expansion joint|rooftop|HVAC,"Rooftop mechanical-plant platform with vibration isolators, counter-flashed penetrations, and galvanised grating."
CS-INF-003,Underground Parking Garage,Infrastructure,Parking,USA,2022,5600,2,Post-Tensioned-Concrete,Concrete-Wall,Concrete Walls|Post-Tensioned Slabs 220mm|Waterproof Membrane Top|Epoxy Coated Rebar,Slab Covered-Above,300 spaces|Full waterproofing top and sides|Epoxy-coated rebar|Ventilation 6 ACH|Expansion joints every 20m,IBC 2021|ACI 318|NACE|IPC,Waterproofing integrity under traffic load|Epoxy-rebar durability|Exhaust-fan sizing for CO,Top-side membrane with 12-mil EPDM + wear course|All rebar epoxy-coated|6 ACH ventilation with CO monitors,240,N/A,CREATE_WATERPROOFING|CREATE_EXPANSION_JOINT|CREATE_DUCTWORK|QUERY_VENTILATION,waterproofing|post-tension|epoxy rebar|expansion joint|ventilation|underground parking,"Two-level underground parking for 300 cars with full EPDM waterproofing, epoxy rebar, and CO-monitored ventilation."
CS-INF-004,Water Treatment Plant Roof,Infrastructure,Water,USA,2021,900,1,Steel-Frame,Concrete-Slab,Steel Frame|Metal Deck|Waterproof Membrane|Insulation R-25|Parapet,Flat Roof TPO + Metal Parapet Cap,Waterproof membrane over metal deck|Insulation R-25|Parapet cap flashing|Roof drain with sump,IBC 2021|EPA|AWWA|NFPA,Chemical-resistant membrane selection|Roof-drain sizing for flash flood|Parapet uplift anchorage,TPO with chemical-resistant primer|Screw-down insulation with clad-metal deck|Parapet cap with counter flashing,320,N/A,CREATE_WATERPROOFING|CREATE_FLASHING|CREATE_ROOF|QUERY_CODE_COMPLIANCE,TPO|parapet cap|counter flashing|roof drain|water treatment|insulation,"Water-treatment-plant roof with TPO waterproofing, R-25 insulation, and parapet-cap counter flashing."
CS-INF-005,Telecommunications Tower Base,Infrastructure,Telecoms,USA,2023,40,0,Steel-Lattice,Concrete-Caisson-Deep,Concrete Base Pedestal|Grout Bed|Anchor Bolts 12×1-1/4in|Weatherproof Enclosure,N/A,12 anchor bolts 1-1/4 dia|Deep-caisson foundation 6m|Weatherproof equipment enclosure|Lightning protection,IBC 2021|TIA-222|Geotechnical Report,60m tower base shear|Wind uplift 450 kN|Seismic at Zone 3,Deep caissons at 6m with reinforced cage|Grout bed 50mm epoxy|12 anchor bolts 1-1/4 at 30 dia embed,480,N/A,CREATE_CONNECTION|CREATE_FOUNDATION|QUERY_CAPACITY|QUERY_CODE_COMPLIANCE,anchor bolt|caisson|grout|tower|foundation|telecoms,"Telecoms tower base with 12 × 1¼-inch anchor bolts, deep-caisson foundation at 6 m, and epoxy grout bed."
CS-INF-006,Stadium Roof Expansion Joint,Infrastructure,Sports,USA,2022,0,0,Steel-Truss,Existing-Concrete,Steel Truss|Expansion Joint 200mm Travel|Silicone-Membrane Roof|Metal Cover,Pitched Metal Roof,200mm-travel expansion joint in metal roof|Silicone sealant at base|Foam core + metal cover assembly,IBC 2021|ASCE 7-22|Manufacturer Spec,Thermal movement 200mm|Wind uplift on cover|Maintenance access on roof slope,Compression-spring expansion joint with 200mm travel|Silicone base sealant|Stainless-steel cover with safety clips,850,N/A,CREATE_EXPANSION_JOINT|CREATE_FLASHING|MODIFY_MATERIAL|QUERY_CAPACITY,expansion joint|200mm travel|silicone|metal cover|stadium|roof,Stadium roof expansion joint rated for 200 mm thermal travel with silicone base and stainless-steel cover.
CS-INF-007,Solar-Farm Mounting Foundation,Infrastructure,Renewable,USA,2023,0,0,Steel-Ground-Rack,Concrete-Pier-Array,Steel Galvanised Rack|Concrete Pier Array|Rebar Cage|Waterproof Cap,N/A,200 piers at 4.5m grid|Rebar cages in each pier|Waterproof cap on each pier|Galvanised steel racking,IBC 2021|NEC|Manufacturer Engineering,Frost-heave at 1.2m depth|Wind uplift on panels 2.8 kPa|Lightning-rod grounding,Piers below frost line at 1.5m|Waterproof cap + sealant on each|Galvanised racking with earth strap,90,N/A,CREATE_FOUNDATION|CREATE_CONNECTION|CREATE_WATERPROOFING|QUERY_CAPACITY,pier|galvanised|rebar|waterproof cap|solar|frost heave,Solar-farm ground-mount system on 200 concrete piers below frost line with waterproofed caps and galvanised racking.
CS-INF-008,Rail Tunnel Portal Waterproofing,Infrastructure,Rail,UK,2022,0,0,Reinforced-Concrete,Concrete-Diaphragm-Wall,Concrete Portal|Bentonite Waterstop|Sheet Membrane|Drain Board|Geotextile,N/A,Bentonite waterstop at all joints|EPDM sheet membrane|Drain board + geotextile|Grout injection ports,BS EN 1504|BS EN 7102|Network Rail Standards,Hydrostatic pressure 6m head|Joint-leak risk at construction seams|Freeze-thaw at portal entrance,Bentonite tube at all construction joints|Double-layer EPDM with leak-detection|Drain board + geotextile over membrane,920,N/A,CREATE_WATERPROOFING|CREATE_FOUNDATION|QUERY_CODE_COMPLIANCE,bentonite|EPDM|drain board|diaphragm wall|tunnel|hydrostatic,"Rail-tunnel portal waterproofing with bentonite waterstops, double-layer EPDM, and leak-detection mesh."
CS-INF-009,Parking Structure Post-Tension Repair,Infrastructure,Parking,USA,2023,3200,3,Existing-Post-Tensioned,Existing-Concrete,Existing PT Slab|Tendon Re-Grouting|Slab Patch|Waterproof Membrane Repair,Flat Roof Existing,Tendon re-grouting 40 tendons|Concrete patch and reseal|New waterproof membrane|Expansion-joint replacement,ACI 318|PTI|Owner Engineering Report,Corroded tendons in 3 slabs|Waterproof membrane failure at joints|Expansion-joint deterioration,Grouted sleeve repair at all broken tendons|Epoxy injection of cracks|Full membrane re-waterproof + new exp joints,180,N/A,CREATE_WATERPROOFING|CREATE_EXPANSION_JOINT|CREATE_CONNECTION|QUERY_CAPACITY,post-tension|tendon|epoxy injection|expansion joint|waterproofing|repair,"Post-tensioned parking-structure repair: tendon re-grouting, crack epoxy injection, and full membrane replacement."
CS-INF-010,Coastal Sea-Wall Reinforcement,Infrastructure,Marine,UK,2022,0,0,Reinforced-Concrete,Rock-Anchor,Concrete Face|Rock Anchors 25mm|Rebar 16mm @ 150|Waterproof Coating|Sacrificial Anode,N/A,Rock anchors into granite|Rebar 16mm @ 150|Marine-grade concrete|Sacrificial zinc anodes,BS 8004|BS EN 1992|Environment Agency|Maritime,Saltwater corrosion of rebar|Wave impact 12 kN/m²|Freeze-thaw cycling at tidal zone,Epoxy-coated rebar + sacrificial anodes|Marine-grade concrete with silica fume|30mm cover minimum,750,N/A,CREATE_FOUNDATION|CREATE_CONNECTION|MODIFY_MATERIAL|QUERY_CAPACITY,sea wall|rock anchor|sacrificial anode|marine concrete|corrosion|coastal,"Coastal sea-wall reinforcement with rock anchors, epoxy-coated rebar, sacrificial anodes, and marine-grade concrete."
CS-INF-011,Rooftop Garden Waterproofing,Infrastructure,Landscape,USA,2023,400,0,Existing-Concrete,Existing,Concrete Roof Deck|Waterproof Membrane 60mil|Drainage Mat|Filter Fabric|Growing Medium,Flat Roof Existing + Garden,60-mil EPDM membrane|Drainage mat 25mm|Filter fabric|Growing medium 200mm|Irrigation system,IBC 2021|ASTM D4541|ASTM E2399,Ballast load 1.8 kN/m²|Root-penetration resistance|Irrigation leak onto structure below,Root-resistant EPDM + copper-foil root barrier|Dimple-mat drainage with 25mm depth|Leak detection layer under membrane,350,LEED-Gold,CREATE_WATERPROOFING|CREATE_PIPE|CREATE_ROOF|QUERY_CODE_COMPLIANCE,rooftop garden|EPDM|root barrier|drainage mat|irrigation|green roof,"Rooftop garden waterproofing with 60-mil root-resistant EPDM, copper-foil barrier, dimple-mat drainage, and leak detection."
CS-INF-012,Coastal Villa Foundation Pile Design,Infrastructure,Marine,UAE,2022,600,2,Steel-on-Pile,Concrete-Driven-Pile,Driven Concrete Piles 400mm|Steel Cap|Pile Cap Waterproof|Marine Grade,N/A-Piles,12 driven piles 400mm dia|Pile-cap waterproofing|Marine-grade concrete|Cathodic protection,IBC 2021|ACI 318|Geotechnical Report|Local Code,Loose sand at 3m requiring deeper piles|Marine splash-zone corrosion|Pile-cap waterproofing under high humidity,Piles driven to 12m bearing stratum|Pile-cap epoxy membrane|Cathodic-protection sacrificial anodes at pile heads,680,N/A,CREATE_FOUNDATION|CREATE_WATERPROOFING|MODIFY_MATERIAL|QUERY_CAPACITY,pile foundation|pile cap|cathodic protection|marine|waterproofing|driven pile,Coastal villa on 12 driven concrete piles at 12 m depth with pile-cap waterproofing and cathodic protection.
CS-INF-013,Wind Farm Tower Foundation,Infrastructure,Renewable,Denmark,2023,0,0,Steel-Tower,Concrete-Ring-Foundation,Concrete Ring Foundation 12m dia|Rebar Dense Cage|Grout Sleeve|Anchor Bolts 36×M72|Waterproof Cap,N/A,36 M72 anchor bolts in ring foundation|Rebar 3-layer cage|Grout sleeve connection|Waterproof cap on foundation,Eurocode 1|IEC 61400|DNV Standards|Danish Building Code,Overturning moment 12 MN·m|Cyclic fatigue on bolt threads|Foundation waterproofing in marine air,Pre-stressed anchor bolts with LFRP coating|Epoxy grout sleeve 50mm gap|Full waterproof membrane on ring cap,1100,Renewable-Certified,CREATE_CONNECTION|CREATE_WATERPROOFING|CREATE_FOUNDATION|QUERY_CAPACITY,anchor bolt|ring foundation|grout sleeve|M72|wind turbine|overturning moment,"Onshore wind-turbine ring foundation with 36 M72 anchor bolts, 3-layer rebar cage, and waterproofed cap."
CS-RES-019,Kira Township Duplex,Residential,Tropical,Uganda,2023,240,2,Reinforced-Concrete-Block,Strip-Footing-Concrete,Concrete Block 200mm Plastered|Mosquito-Screen Windows|Ceiling Board Partitions,Pitched IBR 5:12 with Ridge Ventilators,Cross-ventilation layout|Ridge ventilators|Mosquito screens all windows|Rainwater harvesting tank|UMEME 3-phase supply,Uganda Building Act 2008|KCCA Guidelines|NEMA Uganda|UBS 365,Laterite soil bearing capacity 80 kPa|Termite infestation risk|Heavy rain runoff 200mm/hr|UMEME power-supply connection lead time,Soil-cement stabilised footings at 600mm depth|Termite-treated concrete + perimeter spray|Gutter-to-tank system 10000L|Early UMEME application + temporary genset,165,Green-Star-2,CREATE_ROOM|CREATE_WALL|CREATE_ROOF|QUERY_VENTILATION|CREATE_WATERPROOFING,concrete block|IBR roof|ridge ventilator|mosquito screen|rainwater tank|laterite,"Two-storey concrete-block duplex in Kira with passive cross-ventilation, ridge ventilators, mosquito screening, and a 10 000-L rainwater harvesting system."
CS-COM-015,Kampala Ground-Floor Retail Strip,Commercial,Retail,Uganda,2023,1200,1,Reinforced-Concrete-Frame,Concrete-Pad,Concrete Block Plastered|Glass Curtain Front|Acoustic Partition Rear,Flat Slab Waterproofed Roof-Garden,Awning over street frontage|Roof-garden green canopy|Flood-barrier at entrance|Solar PV 30 kW array|NEMA-registered waste disposal,Uganda Building Act 2008|NEMA Uganda|KCCA Commercial Guidelines|UBS 365,Urban flooding from Kampala drainage overflow|Heat island effect roof temperature 55°C|KCCA commercial-use permit sequence|Soil laterite with clay pockets,200mm raised flood barrier + French drain perimeter|Roof-garden substrate 150mm + waterproof membrane|Pre-application KCCA consultation|Pad foundations with reinforced tie beams,220,EDGE-Certified,CREATE_WALL|CREATE_WATERPROOFING|CREATE_FLASHING|QUERY_FLOOD_RISK|MODIFY_ROOF_TYPE,retail strip|roof garden|flood barrier|solar PV|curtain front|laterite pad,"Single-storey reinforced-concrete retail strip in Kampala with a waterproofed roof garden, flood barriers, and a 30 kW solar PV array."
CS-INS-011,Mbarara District Health Centre IV,Institutional,Healthcare,Uganda,2023,1850,1,Reinforced-Concrete-Block,Strip-Footing-Concrete,Concrete Block 200mm|Terrazzo Floor Wards|Vinyl Sheet Theatres|Acoustic Partitions OPD,Pitched IBR 4:12 Ridge Ventilated,40-bed ward with mosquito netting|Operating theatre pressurised 2 Pa|Borehole water supply + treatment|Medical gas manifold|NEMA waste-segregation system,Uganda Health Facility Standards|WHO Infection-Control Guidelines|NEMA Uganda|IBC 2021 (imported ref)|ASHRAE 62.1 (imported ref),Groundwater at 8m depth required borehole sizing|Operating-theatre air-change 12 ACH in tropical heat|Medical-waste segregation for NEMA compliance|Termite exposure under slab,Borehole pump 15 m³/hr with sand filter + UV|Evaporative-pad pre-cooling + split-system ACH 12|Yellow-bag / sharps / infectious segregation stations|DPC + termite barrier under all slabs,310,WHO-Compliant,CREATE_ROOM|CREATE_PIPE|CREATE_WATERPROOFING|QUERY_VENTILATION|QUERY_CODE_COMPLIANCE,health centre|borehole|operating theatre|medical gas|mosquito net|termite barrier|DPC,"Single-storey 40-bed District Health Centre IV in Mbarara with pressurised operating theatre, borehole water supply, and NEMA-compliant medical-waste segregation."
CS-INF-014,Entebbe Lakeshore Seawall Waterproofing,Infrastructure,Marine,Uganda,2022,0,0,Reinforced-Concrete,Sheet-Pile-Concrete,Concrete Retaining Wall|Bituminous Sheet Membrane|Drainage Mat|Geotextile Filter,N/A,Bituminous sheet membrane 4mm on lakeward face|Geotextile drainage layer|Splash-zone above-water membrane overlap|NEMA environmental-impact assessment compliant,NEMA Uganda EIA|Uganda Water Act|ASTM D4541|AASHTO (imported)|Lake Victoria Shoreline Management Plan,Lake-water fluctuation 0.9m annual|UV degradation of exposed membrane in splash zone|Sediment compaction against wall face|NEMA EIA clearance timeline 6 months,Extended membrane 800mm above max water mark with UV-stable top coat|Sand-cement protective screed below water table|Early NEMA engagement with pre-EIA consultation,340,N/A,CREATE_WATERPROOFING|CREATE_FOUNDATION|QUERY_CODE_COMPLIANCE|MODIFY_MATERIAL,seawall|bituminous membrane|geotextile|sheet pile|splash zone|Lake Victoria,"Lakeshore seawall waterproofing in Entebbe with 4-mm bituminous membrane, geotextile drainage, and UV-stable splash-zone extension to Lake Victoria shoreline standards."
CS-INF-015,Wakiso Solar Microgrid Substations,Infrastructure,Renewable,Uganda,2023,480,1,Steel-Frame,Concrete-Pad,Galvanised Steel Sheet|Louvre Side Walls|Concrete Block Battery Room,Flat IBR Canopy with 30° Tilt PV Array,150 kW solar array on canopy roof|Battery inverter room with 4 ACH ventilation|Earthing grid 0.5 ohm|UMEME grid-tie synchronisation|Lightning arrester mast,Uganda Electricity Act|UMEME Grid-Tie Standards|IEC 61215|UBS 365|NEMA Uganda,Lightning strike risk in Wakiso (avg 40 days/yr)|Battery-room temperature >40°C without ventilation|UMEME grid synchronisation commissioning lead time|Laterite soil corrosion to galvanised steel,Lightning-arrester mast 6m + surge protector at inverter|Louvre walls + evaporative pad cooling battery room|Early UMEME liaison + commissioning schedule|Epoxy-coated base plates + sacrificial anode,580,IEC-61215-Certified,CREATE_WALL|CREATE_ROOF|CREATE_CONNECTION|QUERY_EARTHING|MODIFY_INSULATION,solar PV|battery room|inverter|lightning arrester|UMEME|louvre|earthing grid,"150 kW solar microgrid substation cluster in Wakiso with canopy-mounted PV arrays, evaporative-cooled battery rooms, and lightning-arrester protection."
